4378.000000 4378.000000 4378.000000 4378.000000 4378.000000 4323.000000 4323.000000 4323.000000 4323.000000 4323.000000 4323.000000 4323.000000 4378.000000 4378.000000 4434.000000 4492.000000 4551.000000 4551.000000 4551.000000 4612.000000 4612.000000 4738.000000 4804.000000 4804.000000 4872.000000 4872.000000 4872.000000 4942.000000 4942.000000 5013.000000 5087.000000 5087.000000 5163.000000 5163.000000 5163.000000 7365.000000 7211.000000 6922.000000 6922.000000 6786.000000 6655.000000 6655.000000 6655.000000 6655.000000 6655.000000 6655.000000 6655.000000 6655.000000 6655.000000 6655.000000 6655.000000 6655.000000 6655.000000 6655.000000 6655.000000 6655.000000 6655.000000 6530.000000 6530.000000 6530.000000 6408.000000 6408.000000 6292.000000 6292.000000 6292.000000 6292.000000 6292.000000 6292.000000 6292.000000 6292.000000 6292.000000 6292.000000 6179.000000 6179.000000 0.000000 0.000000 0.000000 0.000000 0.000000 0.000000 0.000000 0.000000 0.000000 0.000000 0.000000 0.000000 0.000000 0.000000 0.000000 0.000000 0.000000 0.000000 0.000000 0.000000 0.000000 0.000000 0.000000 1175.000000 1175.000000 1175.000000 1175.000000 1175.000000 1175.000000 1175.000000 1175.000000 1171.000000 1167.000000 1163.000000 1159.000000 1159.000000 1155.000000 1155.000000 1155.000000 1155.000000 1148.000000 1148.000000 1144.000000 1144.000000 1144.000000 1144.000000 1140.000000 1140.000000 1136.000000 1136.000000 1136.000000 1136.000000 1136.000000 1136.000000 
 4323.000000 4378.000000 4378.000000 4378.000000 4378.000000 4323.000000 4323.000000 4323.000000 4323.000000 4323.000000 4270.000000 4323.000000 4323.000000 4378.000000 4434.000000 4434.000000 4492.000000 4551.000000 4551.000000 4612.000000 4612.000000 4674.000000 4738.000000 4804.000000 4872.000000 4872.000000 4872.000000 4942.000000 5013.000000 5013.000000 5087.000000 5087.000000 5163.000000 5163.000000 5163.000000 5242.000000 7211.000000 6922.000000 6786.000000 6786.000000 6655.000000 6786.000000 6655.000000 6655.000000 6786.000000 6655.000000 6655.000000 6655.000000 6655.000000 6655.000000 6655.000000 6655.000000 6655.000000 6655.000000 6655.000000 6530.000000 6530.000000 6530.000000 6408.000000 6408.000000 6292.000000 6292.000000 6292.000000 6292.000000 6292.000000 6292.000000 6179.000000 6179.000000 6179.000000 6179.000000 6179.000000 6179.000000 6179.000000 6179.000000 6179.000000 0.000000 0.000000 0.000000 0.000000 0.000000 0.000000 0.000000 0.000000 0.000000 0.000000 0.000000 0.000000 0.000000 0.000000 0.000000 0.000000 0.000000 0.000000 0.000000 0.000000 0.000000 0.000000 1175.000000 1175.000000 1175.000000 1175.000000 1175.000000 1175.000000 1175.000000 1171.000000 1171.000000 1167.000000 1163.000000 1163.000000 1159.000000 1159.000000 1159.000000 1155.000000 1155.000000 1148.000000 1148.000000 1144.000000 1144.000000 1144.000000 1144.000000 1140.000000 1140.000000 1144.000000 1140.000000 1140.000000 1140.000000 1140.000000 1140.000000 
 4323.000000 4378.000000 4378.000000 4378.000000 4378.000000 4323.000000 4323.000000 4323.000000 4323.000000 4323.000000 4323.000000 4323.000000 4378.000000 4378.000000 4434.000000 4492.000000 4492.000000 4551.000000 4612.000000 4612.000000 4674.000000 4674.000000 4804.000000 4804.000000 4804.000000 4872.000000 4872.000000 4942.000000 5013.000000 5013.000000 5087.000000 5087.000000 5087.000000 5163.000000 5163.000000 5163.000000 5163.000000 0.000000 6786.000000 6922.000000 6786.000000 6786.000000 6786.000000 6786.000000 6786.000000 6655.000000 6655.000000 6655.000000 6655.000000 6655.000000 6655.000000 6655.000000 6655.000000 6655.000000 6655.000000 6530.000000 6408.000000 6408.000000 6408.000000 6408.000000 6292.000000 6292.000000 6292.000000 6179.000000 6179.000000 6179.000000 6179.000000 6179.000000 6179.000000 6179.000000 6179.000000 6179.000000 6179.000000 6179.000000 6179.000000 0.000000 0.000000 0.000000 0.000000 0.000000 0.000000 0.000000 0.000000 0.000000 0.000000 0.000000 0.000000 0.000000 0.000000 0.000000 0.000000 0.000000 0.000000 0.000000 0.000000 0.000000 0.000000 1175.000000 1171.000000 1171.000000 1175.000000 1175.000000 1175.000000 1175.000000 1171.000000 1171.000000 1171.000000 1167.000000 1163.000000 1159.000000 1159.000000 1159.000000 1155.000000 1155.000000 1151.000000 1148.000000 1148.000000 1144.000000 1144.000000 1144.000000 1140.000000 1140.000000 1144.000000 1144.000000 1144.000000 1140.000000 1140.000000 1140.000000 
 4323.000000 4378.000000 4378.000000 4378.000000 4378.000000 4323.000000 4323.000000 4323.000000 4323.000000 4323.000000 4323.000000 4378.000000 4378.000000 4378.000000 4434.000000 4434.000000 4492.000000 4551.000000 4612.000000 4612.000000 4674.000000 4674.000000 4804.000000 4804.000000 4872.000000 4872.000000 4872.000000 4872.000000 5013.000000 5013.000000 5087.000000 5087.000000 5087.000000 5163.000000 5163.000000 5163.000000 5163.000000 0.000000 6786.000000 6786.000000 6786.000000 6786.000000 6786.000000 6786.000000 6786.000000 6655.000000 6655.000000 6655.000000 6655.000000 6655.000000 6655.000000 6655.000000 6655.000000 6655.000000 6530.000000 6408.000000 6292.000000 6292.000000 6292.000000 6292.000000 6292.000000 6179.000000 6179.000000 6179.000000 6179.000000 6179.000000 6179.000000 6179.000000 6179.000000 6179.000000 6179.000000 6179.000000 6179.000000 6071.000000 0.000000 0.000000 0.000000 0.000000 0.000000 0.000000 0.000000 0.000000 0.000000 0.000000 0.000000 0.000000 0.000000 0.000000 0.000000 0.000000 0.000000 0.000000 0.000000 0.000000 0.000000 0.000000 0.000000 0.000000 1171.000000 1175.000000 1175.000000 1175.000000 1175.000000 1175.000000 1175.000000 1175.000000 1171.000000 1167.000000 1167.000000 1163.000000 1159.000000 1159.000000 1159.000000 1155.000000 1155.000000 1148.000000 1148.000000 1144.000000 1144.000000 1144.000000 1144.000000 1140.000000 1144.000000 1144.000000 1144.000000 1144.000000 1140.000000 1136.000000 
 4323.000000 4378.000000 4378.000000 4378.000000 4378.000000 4323.000000 4323.000000 4323.000000 4323.000000 4323.000000 4323.000000 4378.000000 4378.000000 4378.000000 4434.000000 4434.000000 4492.000000 4551.000000 4612.000000 4612.000000 4612.000000 4674.000000 4738.000000 4804.000000 4872.000000 4872.000000 4872.000000 4872.000000 5013.000000 5013.000000 5013.000000 5087.000000 5087.000000 5163.000000 5163.000000 5163.000000 5087.000000 0.000000 6786.000000 6786.000000 6786.000000 6786.000000 6786.000000 6786.000000 6786.000000 6786.000000 6655.000000 6655.000000 6786.000000 6655.000000 6655.000000 6655.000000 6655.000000 6655.000000 6530.000000 6408.000000 6292.000000 6292.000000 6292.000000 6292.000000 6292.000000 6292.000000 6292.000000 6292.000000 6179.000000 6179.000000 6179.000000 6179.000000 6179.000000 6179.000000 6179.000000 6179.000000 6179.000000 6071.000000 6071.000000 0.000000 0.000000 0.000000 0.000000 0.000000 0.000000 0.000000 0.000000 0.000000 0.000000 0.000000 0.000000 0.000000 0.000000 0.000000 0.000000 0.000000 0.000000 0.000000 0.000000 0.000000 0.000000 0.000000 0.000000 1175.000000 1175.000000 1175.000000 1175.000000 1175.000000 1175.000000 1175.000000 1171.000000 1167.000000 1167.000000 1163.000000 1159.000000 1159.000000 1159.000000 1155.000000 1155.000000 1148.000000 1148.000000 1148.000000 1144.000000 1144.000000 1144.000000 1144.000000 1144.000000 1144.000000 1144.000000 1140.000000 1140.000000 1136.000000 
 4323.000000 4378.000000 4378.000000 4378.000000 4378.000000 4323.000000 4323.000000 4323.000000 4323.000000 4323.000000 4323.000000 4378.000000 4378.000000 4378.000000 4434.000000 4434.000000 4492.000000 4551.000000 4551.000000 4612.000000 4612.000000 4674.000000 4738.000000 4804.000000 4804.000000 4872.000000 4872.000000 4872.000000 5013.000000 5013.000000 5087.000000 5087.000000 5087.000000 5163.000000 5163.000000 5163.000000 5163.000000 5163.000000 0.000000 6786.000000 6786.000000 6786.000000 6786.000000 6786.000000 6786.000000 6786.000000 6786.000000 6786.000000 6786.000000 6786.000000 6786.000000 6655.000000 6655.000000 6530.000000 6292.000000 6292.000000 6179.000000 6179.000000 6179.000000 6179.000000 6179.000000 6179.000000 6179.000000 6179.000000 6179.000000 6179.000000 6179.000000 6179.000000 6179.000000 6179.000000 6179.000000 6179.000000 6179.000000 6071.000000 6071.000000 0.000000 0.000000 0.000000 0.000000 0.000000 0.000000 0.000000 0.000000 0.000000 0.000000 0.000000 0.000000 0.000000 0.000000 0.000000 0.000000 0.000000 0.000000 0.000000 0.000000 0.000000 0.000000 0.000000 1175.000000 1175.000000 1175.000000 1175.000000 1175.000000 1175.000000 1175.000000 1175.000000 1175.000000 1167.000000 1167.000000 1163.000000 1159.000000 1159.000000 1155.000000 1155.000000 1155.000000 1151.000000 1148.000000 1148.000000 1144.000000 1144.000000 1144.000000 1144.000000 1144.000000 1144.000000 1144.000000 1144.000000 1140.000000 1136.000000 
 4378.000000 4378.000000 4378.000000 4323.000000 4323.000000 4323.000000 4323.000000 4323.000000 4323.000000 4323.000000 4323.000000 4378.000000 4378.000000 4378.000000 4434.000000 4434.000000 4492.000000 4551.000000 4612.000000 4612.000000 4674.000000 4738.000000 4738.000000 4804.000000 4804.000000 4872.000000 4872.000000 4872.000000 4942.000000 5013.000000 5087.000000 5087.000000 5087.000000 5163.000000 5163.000000 5163.000000 5163.000000 0.000000 0.000000 0.000000 6786.000000 6786.000000 6786.000000 6786.000000 6786.000000 6786.000000 6786.000000 6786.000000 6786.000000 6786.000000 6786.000000 6655.000000 6655.000000 6530.000000 6292.000000 6292.000000 6179.000000 6179.000000 6179.000000 6179.000000 6179.000000 6179.000000 6179.000000 6179.000000 6179.000000 6179.000000 6179.000000 6179.000000 6179.000000 6179.000000 6179.000000 6179.000000 6179.000000 6071.000000 6071.000000 0.000000 0.000000 0.000000 0.000000 0.000000 0.000000 0.000000 0.000000 0.000000 0.000000 0.000000 0.000000 0.000000 0.000000 0.000000 0.000000 0.000000 0.000000 1238.000000 0.000000 0.000000 0.000000 0.000000 0.000000 1175.000000 1175.000000 1175.000000 1175.000000 1175.000000 1175.000000 1175.000000 1171.000000 1167.000000 1167.000000 1163.000000 1159.000000 1159.000000 1155.000000 1155.000000 1155.000000 1151.000000 1148.000000 1148.000000 1144.000000 1144.000000 1144.000000 1144.000000 1144.000000 1144.000000 1140.000000 1140.000000 1140.000000 1136.000000 
 4378.000000 4378.000000 4323.000000 4323.000000 4323.000000 4323.000000 4323.000000 4323.000000 4323.000000 4323.000000 4323.000000 4378.000000 4378.000000 4378.000000 4434.000000 4434.000000 4492.000000 4551.000000 4612.000000 4612.000000 4674.000000 4738.000000 4738.000000 4804.000000 4804.000000 4872.000000 4872.000000 4872.000000 4942.000000 5013.000000 5087.000000 5087.000000 5087.000000 5163.000000 5163.000000 5242.000000 5163.000000 0.000000 0.000000 0.000000 0.000000 6786.000000 6786.000000 6786.000000 6786.000000 6786.000000 6786.000000 6786.000000 6786.000000 6786.000000 6786.000000 6786.000000 6655.000000 6655.000000 6292.000000 6292.000000 6179.000000 6179.000000 6179.000000 6179.000000 6179.000000 6179.000000 6179.000000 6179.000000 6179.000000 6179.000000 6179.000000 6179.000000 6179.000000 6179.000000 6179.000000 6179.000000 6179.000000 6071.000000 6071.000000 0.000000 0.000000 0.000000 0.000000 0.000000 0.000000 0.000000 0.000000 0.000000 0.000000 0.000000 0.000000 0.000000 0.000000 0.000000 0.000000 0.000000 0.000000 1243.000000 1238.000000 0.000000 0.000000 0.000000 1179.000000 1179.000000 1179.000000 1175.000000 1175.000000 1175.000000 1175.000000 1175.000000 1175.000000 1167.000000 1163.000000 1163.000000 1159.000000 1159.000000 1155.000000 1155.000000 1151.000000 1151.000000 1148.000000 1148.000000 1144.000000 1144.000000 1144.000000 1144.000000 1144.000000 1144.000000 1140.000000 1140.000000 1140.000000 1136.000000 
 4378.000000 4378.000000 4378.000000 4323.000000 4323.000000 4323.000000 4323.000000 4323.000000 4323.000000 4323.000000 4323.000000 4378.000000 4378.000000 4434.000000 4434.000000 4434.000000 4492.000000 4551.000000 4551.000000 4612.000000 4674.000000 4738.000000 4738.000000 4804.000000 4804.000000 4872.000000 4872.000000 4872.000000 4942.000000 5013.000000 5087.000000 5087.000000 5087.000000 5163.000000 5163.000000 5163.000000 5087.000000 0.000000 0.000000 0.000000 0.000000 6786.000000 6922.000000 6786.000000 6786.000000 6786.000000 6786.000000 6786.000000 6786.000000 6786.000000 6786.000000 6786.000000 6655.000000 6655.000000 6530.000000 6292.000000 6292.000000 6179.000000 6179.000000 6179.000000 6292.000000 6179.000000 6292.000000 6292.000000 6179.000000 6179.000000 6179.000000 6179.000000 6179.000000 6179.000000 6179.000000 6179.000000 6179.000000 6071.000000 6071.000000 0.000000 0.000000 0.000000 0.000000 0.000000 0.000000 0.000000 0.000000 0.000000 0.000000 0.000000 0.000000 0.000000 0.000000 0.000000 0.000000 1247.000000 1243.000000 1243.000000 1238.000000 1234.000000 1234.000000 0.000000 1183.000000 1183.000000 1183.000000 1179.000000 1179.000000 1175.000000 1175.000000 1175.000000 1175.000000 1167.000000 1163.000000 1159.000000 1159.000000 1159.000000 1155.000000 1155.000000 1155.000000 1151.000000 1151.000000 1148.000000 1148.000000 1144.000000 1144.000000 1144.000000 1144.000000 1144.000000 1144.000000 1144.000000 1140.000000 1136.000000 
 4378.000000 4378.000000 4378.000000 4378.000000 4323.000000 4323.000000 4323.000000 4323.000000 4323.000000 4323.000000 4323.000000 4378.000000 4434.000000 4434.000000 4434.000000 4492.000000 4551.000000 4551.000000 4612.000000 4612.000000 4612.000000 4674.000000 4738.000000 4804.000000 4804.000000 4872.000000 4872.000000 4872.000000 4942.000000 5013.000000 5087.000000 5087.000000 5087.000000 5087.000000 5163.000000 5163.000000 0.000000 0.000000 0.000000 0.000000 0.000000 0.000000 6922.000000 6786.000000 6786.000000 6786.000000 6786.000000 6786.000000 6786.000000 6786.000000 6786.000000 6655.000000 6655.000000 6655.000000 6530.000000 6292.000000 6292.000000 6179.000000 6179.000000 6292.000000 6292.000000 6179.000000 6292.000000 6179.000000 6179.000000 6179.000000 6179.000000 6179.000000 6179.000000 6179.000000 6179.000000 6179.000000 6071.000000 6071.000000 5966.000000 0.000000 0.000000 0.000000 0.000000 0.000000 0.000000 0.000000 0.000000 0.000000 0.000000 0.000000 0.000000 0.000000 0.000000 0.000000 0.000000 1243.000000 1238.000000 1243.000000 1238.000000 1234.000000 1225.000000 1225.000000 1187.000000 1187.000000 1187.000000 1183.000000 1179.000000 1179.000000 1179.000000 1179.000000 1175.000000 1171.000000 1163.000000 1159.000000 1159.000000 1159.000000 1155.000000 1155.000000 1155.000000 1151.000000 1151.000000 1148.000000 1144.000000 1144.000000 1144.000000 1144.000000 1144.000000 1144.000000 1140.000000 1140.000000 1140.000000 1140.000000 
 4378.000000 4378.000000 4378.000000 4323.000000 4323.000000 4323.000000 4323.000000 4323.000000 4323.000000 4323.000000 4323.000000 4434.000000 4434.000000 4492.000000 4492.000000 4492.000000 4551.000000 4612.000000 4612.000000 4612.000000 4612.000000 4674.000000 4674.000000 4738.000000 4804.000000 4872.000000 4872.000000 4872.000000 4942.000000 5013.000000 5087.000000 5087.000000 5087.000000 5087.000000 5163.000000 0.000000 0.000000 0.000000 0.000000 0.000000 0.000000 0.000000 0.000000 6786.000000 6922.000000 6922.000000 6786.000000 6786.000000 6786.000000 6786.000000 6786.000000 6655.000000 6655.000000 6655.000000 6530.000000 6292.000000 6292.000000 6292.000000 6292.000000 6292.000000 6292.000000 6292.000000 6292.000000 6292.000000 6179.000000 6179.000000 6179.000000 6179.000000 6179.000000 6179.000000 6179.000000 6179.000000 6071.000000 6071.000000 5966.000000 5864.000000 0.000000 0.000000 0.000000 0.000000 0.000000 0.000000 0.000000 0.000000 0.000000 0.000000 0.000000 0.000000 0.000000 0.000000 0.000000 1243.000000 1238.000000 1243.000000 1234.000000 1229.000000 1221.000000 1204.000000 1195.000000 1191.000000 1191.000000 1187.000000 1183.000000 1179.000000 1179.000000 1175.000000 1175.000000 1171.000000 1163.000000 1159.000000 1159.000000 1159.000000 1155.000000 1155.000000 1155.000000 1151.000000 1151.000000 1148.000000 1144.000000 1144.000000 1144.000000 1144.000000 1144.000000 1144.000000 1140.000000 1144.000000 1140.000000 1140.000000 
 4378.000000 4323.000000 4323.000000 4323.000000 4323.000000 4323.000000 4323.000000 4323.000000 4323.000000 4323.000000 4323.000000 4434.000000 4434.000000 4492.000000 4492.000000 4551.000000 4551.000000 4612.000000 4612.000000 4612.000000 4612.000000 4612.000000 4674.000000 4738.000000 4804.000000 4872.000000 4872.000000 4942.000000 5013.000000 5087.000000 5087.000000 5087.000000 5087.000000 5163.000000 5163.000000 0.000000 0.000000 0.000000 0.000000 0.000000 0.000000 0.000000 0.000000 0.000000 6922.000000 6922.000000 6786.000000 6786.000000 6786.000000 6786.000000 6786.000000 6786.000000 6655.000000 6655.000000 6530.000000 6292.000000 6292.000000 6292.000000 6292.000000 6292.000000 6292.000000 6179.000000 6292.000000 6179.000000 6179.000000 6179.000000 6179.000000 6179.000000 6179.000000 6179.000000 6179.000000 6179.000000 6071.000000 6071.000000 6071.000000 5864.000000 5767.000000 0.000000 0.000000 0.000000 0.000000 0.000000 0.000000 0.000000 0.000000 0.000000 0.000000 0.000000 0.000000 0.000000 0.000000 1243.000000 1238.000000 1238.000000 1234.000000 1225.000000 1221.000000 1208.000000 1195.000000 1195.000000 1195.000000 1191.000000 1183.000000 1183.000000 1179.000000 1179.000000 1175.000000 1171.000000 1163.000000 1159.000000 1159.000000 1155.000000 1155.000000 1155.000000 1155.000000 1151.000000 1151.000000 1151.000000 1148.000000 1148.000000 1144.000000 1144.000000 1144.000000 1144.000000 1144.000000 1140.000000 1140.000000 1136.000000 
 4323.000000 4323.000000 4323.000000 4378.000000 4323.000000 4323.000000 4323.000000 4323.000000 4323.000000 4323.000000 4323.000000 4378.000000 4378.000000 4434.000000 4492.000000 4551.000000 4551.000000 4551.000000 4612.000000 4612.000000 4612.000000 4612.000000 4674.000000 4738.000000 4804.000000 4804.000000 4872.000000 4942.000000 5013.000000 5087.000000 5087.000000 5087.000000 5087.000000 5163.000000 5163.000000 5242.000000 5242.000000 0.000000 0.000000 0.000000 0.000000 0.000000 0.000000 0.000000 0.000000 6786.000000 6786.000000 6922.000000 6786.000000 6786.000000 6786.000000 6786.000000 6655.000000 6655.000000 6530.000000 6408.000000 6292.000000 6292.000000 6292.000000 6292.000000 6292.000000 6292.000000 6292.000000 6179.000000 6179.000000 6179.000000 6179.000000 6179.000000 6179.000000 6179.000000 6179.000000 6179.000000 6071.000000 6071.000000 6071.000000 5864.000000 5864.000000 0.000000 0.000000 0.000000 0.000000 0.000000 0.000000 0.000000 0.000000 0.000000 0.000000 0.000000 0.000000 0.000000 0.000000 1238.000000 1238.000000 1238.000000 1238.000000 1234.000000 1225.000000 1216.000000 1204.000000 1200.000000 1195.000000 1191.000000 1187.000000 1183.000000 1179.000000 1179.000000 1175.000000 1163.000000 1159.000000 1159.000000 1155.000000 1155.000000 1155.000000 1155.000000 1155.000000 1151.000000 1151.000000 1148.000000 1148.000000 1148.000000 1144.000000 1144.000000 1144.000000 1144.000000 1144.000000 1140.000000 1140.000000 1136.000000 
 4378.000000 4323.000000 4378.000000 4378.000000 4378.000000 4378.000000 4378.000000 4323.000000 4323.000000 4323.000000 4323.000000 4378.000000 4378.000000 4434.000000 4492.000000 4551.000000 4551.000000 4551.000000 4612.000000 4612.000000 4612.000000 4612.000000 4674.000000 4738.000000 4804.000000 4804.000000 4804.000000 4872.000000 4942.000000 5013.000000 5087.000000 5087.000000 5087.000000 5163.000000 5163.000000 5163.000000 0.000000 0.000000 0.000000 0.000000 0.000000 0.000000 0.000000 0.000000 0.000000 0.000000 6655.000000 6786.000000 6786.000000 6786.000000 6786.000000 6786.000000 6655.000000 6655.000000 6530.000000 6408.000000 6292.000000 6292.000000 6292.000000 6292.000000 6292.000000 6292.000000 6292.000000 6292.000000 6179.000000 6179.000000 6179.000000 6071.000000 6179.000000 6071.000000 6179.000000 6071.000000 6071.000000 6071.000000 6071.000000 5966.000000 5864.000000 0.000000 0.000000 0.000000 0.000000 0.000000 0.000000 0.000000 0.000000 0.000000 0.000000 0.000000 0.000000 0.000000 0.000000 1238.000000 1238.000000 1238.000000 1238.000000 1234.000000 1225.000000 1221.000000 1212.000000 1208.000000 1200.000000 1191.000000 1187.000000 1187.000000 1183.000000 1179.000000 1175.000000 1171.000000 1159.000000 1159.000000 1155.000000 1155.000000 1155.000000 1155.000000 1155.000000 1155.000000 1151.000000 1148.000000 1148.000000 1148.000000 1148.000000 1148.000000 1144.000000 1144.000000 1144.000000 1140.000000 1140.000000 1136.000000 
 4378.000000 4378.000000 4378.000000 4378.000000 4378.000000 4378.000000 4378.000000 4323.000000 4323.000000 4323.000000 4323.000000 4378.000000 4378.000000 4434.000000 4492.000000 4551.000000 4551.000000 4551.000000 4551.000000 4612.000000 4612.000000 4612.000000 4612.000000 4674.000000 4738.000000 4804.000000 4872.000000 4872.000000 4942.000000 5013.000000 5013.000000 5087.000000 5087.000000 5087.000000 5163.000000 5163.000000 5163.000000 5242.000000 0.000000 0.000000 0.000000 0.000000 0.000000 0.000000 0.000000 0.000000 6786.000000 6786.000000 6786.000000 6786.000000 6786.000000 6786.000000 6786.000000 6655.000000 6530.000000 6408.000000 6292.000000 6292.000000 6292.000000 6292.000000 6292.000000 6292.000000 6292.000000 6292.000000 6179.000000 6179.000000 6179.000000 6071.000000 6071.000000 6071.000000 6179.000000 6071.000000 6071.000000 6071.000000 5966.000000 5966.000000 5864.000000 0.000000 0.000000 0.000000 0.000000 0.000000 0.000000 0.000000 0.000000 0.000000 0.000000 0.000000 0.000000 0.000000 1243.000000 1238.000000 1238.000000 1238.000000 1234.000000 1234.000000 1229.000000 1225.000000 1216.000000 1212.000000 1200.000000 1191.000000 1187.000000 1187.000000 1183.000000 1183.000000 1175.000000 1171.000000 1159.000000 1159.000000 1155.000000 1155.000000 1155.000000 1155.000000 1155.000000 1155.000000 1151.000000 1148.000000 1148.000000 1148.000000 1144.000000 1144.000000 1144.000000 1144.000000 1144.000000 1140.000000 1140.000000 1136.000000 
 4378.000000 4378.000000 4378.000000 4378.000000 4378.000000 4378.000000 4378.000000 4323.000000 4323.000000 4323.000000 4378.000000 4378.000000 4378.000000 4434.000000 4492.000000 4551.000000 4551.000000 4551.000000 4551.000000 4612.000000 4612.000000 4612.000000 4674.000000 4674.000000 4738.000000 4804.000000 4872.000000 4942.000000 4942.000000 5013.000000 5013.000000 5087.000000 5087.000000 5163.000000 5163.000000 5163.000000 5242.000000 5242.000000 5242.000000 0.000000 0.000000 0.000000 0.000000 0.000000 0.000000 0.000000 0.000000 6786.000000 6786.000000 6786.000000 6786.000000 6786.000000 6786.000000 6655.000000 6655.000000 6408.000000 6292.000000 6292.000000 6292.000000 6292.000000 6292.000000 6179.000000 6179.000000 6179.000000 6179.000000 6179.000000 6179.000000 6071.000000 6071.000000 6179.000000 6179.000000 6179.000000 6071.000000 6071.000000 6071.000000 6071.000000 5966.000000 0.000000 0.000000 0.000000 0.000000 0.000000 0.000000 0.000000 0.000000 0.000000 0.000000 0.000000 0.000000 0.000000 1243.000000 1238.000000 1238.000000 1238.000000 1238.000000 1234.000000 1229.000000 1229.000000 1229.000000 1225.000000 1212.000000 1204.000000 1195.000000 1191.000000 1187.000000 1183.000000 1179.000000 1171.000000 1159.000000 1159.000000 1155.000000 1155.000000 1155.000000 1155.000000 1155.000000 1155.000000 1151.000000 1148.000000 1148.000000 1148.000000 1148.000000 1144.000000 1144.000000 1144.000000 1144.000000 1140.000000 1140.000000 1136.000000 
 4378.000000 4378.000000 4378.000000 4378.000000 4378.000000 4378.000000 4378.000000 4323.000000 4323.000000 4323.000000 4323.000000 4378.000000 4378.000000 4434.000000 4492.000000 4492.000000 4551.000000 4551.000000 4551.000000 4612.000000 4612.000000 4612.000000 4674.000000 4674.000000 4738.000000 4804.000000 4872.000000 4872.000000 4872.000000 4942.000000 5013.000000 5087.000000 5087.000000 5163.000000 5163.000000 5242.000000 5242.000000 5322.000000 5322.000000 5242.000000 0.000000 0.000000 0.000000 0.000000 0.000000 0.000000 0.000000 6655.000000 6786.000000 6786.000000 6786.000000 6786.000000 6786.000000 6655.000000 6655.000000 6530.000000 6292.000000 6292.000000 6292.000000 6179.000000 6179.000000 6179.000000 6179.000000 6179.000000 6179.000000 6179.000000 6179.000000 6179.000000 6179.000000 6179.000000 6179.000000 6179.000000 6071.000000 6071.000000 6071.000000 5966.000000 5966.000000 5864.000000 0.000000 0.000000 0.000000 0.000000 0.000000 0.000000 0.000000 0.000000 0.000000 0.000000 0.000000 0.000000 1243.000000 1238.000000 1238.000000 1238.000000 1238.000000 1234.000000 1234.000000 1234.000000 1234.000000 1229.000000 1216.000000 1208.000000 1200.000000 1191.000000 1187.000000 1183.000000 1175.000000 1171.000000 1159.000000 1159.000000 1159.000000 1155.000000 1155.000000 1155.000000 1155.000000 1155.000000 1151.000000 1148.000000 1148.000000 1148.000000 1148.000000 1144.000000 1144.000000 1144.000000 1144.000000 1140.000000 1136.000000 1136.000000 
 4378.000000 4378.000000 4378.000000 4378.000000 4378.000000 4378.000000 4378.000000 4323.000000 4323.000000 4323.000000 4323.000000 4378.000000 4378.000000 4434.000000 4434.000000 4434.000000 4492.000000 4492.000000 4551.000000 4551.000000 4612.000000 4612.000000 4674.000000 4738.000000 4738.000000 4804.000000 4872.000000 4872.000000 4872.000000 4942.000000 5013.000000 5087.000000 5087.000000 5163.000000 5163.000000 5242.000000 5242.000000 5322.000000 5322.000000 5406.000000 5491.000000 0.000000 0.000000 0.000000 6071.000000 6179.000000 6292.000000 6530.000000 6655.000000 6655.000000 6786.000000 6786.000000 6655.000000 6655.000000 6530.000000 6408.000000 6292.000000 6179.000000 6179.000000 6179.000000 6179.000000 6179.000000 6179.000000 6179.000000 6179.000000 6179.000000 6179.000000 6179.000000 6179.000000 6179.000000 6179.000000 6179.000000 6071.000000 6071.000000 6071.000000 5864.000000 5864.000000 0.000000 0.000000 0.000000 0.000000 0.000000 0.000000 0.000000 0.000000 0.000000 0.000000 0.000000 0.000000 0.000000 0.000000 1238.000000 1238.000000 1243.000000 1238.000000 1238.000000 1243.000000 1243.000000 1243.000000 1238.000000 1229.000000 1229.000000 1191.000000 1191.000000 1187.000000 1183.000000 1175.000000 1171.000000 1159.000000 1159.000000 1159.000000 1155.000000 1155.000000 1155.000000 1155.000000 1155.000000 1151.000000 1148.000000 1148.000000 1148.000000 1144.000000 1144.000000 1144.000000 1144.000000 1140.000000 1140.000000 1136.000000 1133.000000 
 4378.000000 4378.000000 4378.000000 4378.000000 4378.000000 4323.000000 4323.000000 4323.000000 4323.000000 4323.000000 4323.000000 4378.000000 4378.000000 4434.000000 4434.000000 4434.000000 4492.000000 4492.000000 4551.000000 4551.000000 4612.000000 4674.000000 4674.000000 4738.000000 4804.000000 4804.000000 4872.000000 4872.000000 4942.000000 4942.000000 4942.000000 5087.000000 5087.000000 5163.000000 5242.000000 5242.000000 5322.000000 5406.000000 5406.000000 5491.000000 5672.000000 5767.000000 5966.000000 6071.000000 6071.000000 6179.000000 6292.000000 6408.000000 6530.000000 6655.000000 6655.000000 6655.000000 6655.000000 6655.000000 6530.000000 6408.000000 6292.000000 6179.000000 6179.000000 6179.000000 6179.000000 6179.000000 6179.000000 6179.000000 6179.000000 6179.000000 6179.000000 6179.000000 6179.000000 6179.000000 6179.000000 6179.000000 6071.000000 6071.000000 6071.000000 5966.000000 5966.000000 5864.000000 0.000000 0.000000 0.000000 0.000000 0.000000 0.000000 0.000000 0.000000 0.000000 0.000000 0.000000 0.000000 0.000000 0.000000 0.000000 1243.000000 1238.000000 1243.000000 1243.000000 1243.000000 1243.000000 1243.000000 1238.000000 1238.000000 1191.000000 1191.000000 1187.000000 1187.000000 1179.000000 1175.000000 1163.000000 1159.000000 1159.000000 1155.000000 1155.000000 1155.000000 1155.000000 1151.000000 1151.000000 1148.000000 1148.000000 1148.000000 1148.000000 1144.000000 1144.000000 1144.000000 1140.000000 1136.000000 1133.000000 1129.000000 
 4434.000000 4434.000000 4378.000000 4378.000000 4323.000000 4323.000000 4323.000000 4323.000000 4323.000000 4323.000000 4323.000000 4378.000000 4378.000000 4434.000000 4434.000000 4434.000000 4492.000000 4492.000000 4551.000000 4612.000000 4612.000000 4674.000000 4738.000000 4804.000000 4804.000000 4872.000000 4872.000000 4872.000000 4942.000000 4942.000000 4942.000000 5013.000000 5087.000000 5163.000000 5163.000000 5242.000000 5322.000000 5406.000000 5491.000000 5491.000000 5580.000000 5672.000000 5966.000000 6071.000000 6071.000000 6179.000000 6292.000000 6408.000000 6530.000000 6530.000000 6655.000000 6655.000000 6655.000000 6530.000000 6530.000000 6408.000000 6179.000000 6179.000000 6179.000000 6071.000000 6179.000000 6179.000000 6179.000000 6179.000000 6179.000000 6179.000000 6179.000000 6179.000000 6179.000000 6179.000000 6179.000000 6179.000000 6071.000000 6071.000000 6071.000000 5966.000000 5966.000000 5864.000000 0.000000 0.000000 0.000000 0.000000 0.000000 0.000000 0.000000 0.000000 0.000000 0.000000 0.000000 0.000000 0.000000 0.000000 0.000000 0.000000 0.000000 1243.000000 1243.000000 1243.000000 1243.000000 1243.000000 1238.000000 1243.000000 1243.000000 1191.000000 1191.000000 1187.000000 1179.000000 1175.000000 1167.000000 1163.000000 1159.000000 1159.000000 1159.000000 1155.000000 1155.000000 1151.000000 1151.000000 1148.000000 1148.000000 1148.000000 1144.000000 1144.000000 1144.000000 1144.000000 1140.000000 1136.000000 1133.000000 1129.000000 
 4434.000000 4434.000000 4378.000000 4378.000000 4323.000000 4323.000000 4323.000000 4323.000000 4323.000000 4323.000000 4323.000000 4378.000000 4378.000000 4434.000000 4434.000000 4434.000000 4492.000000 4492.000000 4551.000000 4551.000000 4612.000000 4674.000000 4738.000000 4804.000000 4804.000000 4872.000000 4872.000000 4942.000000 4942.000000 5013.000000 5013.000000 5087.000000 5087.000000 5163.000000 5163.000000 5242.000000 5322.000000 5406.000000 5491.000000 5580.000000 5580.000000 5672.000000 5864.000000 6071.000000 6071.000000 6179.000000 6292.000000 6292.000000 6408.000000 6530.000000 6530.000000 6530.000000 6530.000000 6530.000000 6408.000000 6408.000000 6179.000000 6179.000000 6179.000000 6071.000000 6179.000000 6179.000000 6179.000000 6179.000000 6179.000000 6179.000000 6179.000000 6179.000000 6179.000000 6179.000000 6179.000000 6179.000000 6071.000000 6071.000000 6071.000000 5966.000000 6071.000000 5966.000000 5966.000000 0.000000 0.000000 0.000000 0.000000 0.000000 0.000000 0.000000 0.000000 0.000000 0.000000 0.000000 0.000000 0.000000 0.000000 0.000000 0.000000 0.000000 0.000000 1252.000000 1247.000000 1243.000000 1243.000000 1238.000000 1238.000000 1191.000000 1191.000000 1191.000000 1179.000000 1175.000000 1167.000000 1163.000000 1159.000000 1159.000000 1159.000000 1155.000000 1155.000000 1155.000000 1151.000000 1151.000000 1148.000000 1148.000000 1148.000000 1144.000000 1148.000000 1144.000000 1140.000000 1136.000000 1129.000000 1129.000000 
 4434.000000 4378.000000 4378.000000 4378.000000 4323.000000 4323.000000 4323.000000 4323.000000 4323.000000 4323.000000 4323.000000 4378.000000 4378.000000 4434.000000 4434.000000 4434.000000 4492.000000 4492.000000 4551.000000 4551.000000 4612.000000 4674.000000 4738.000000 4804.000000 4804.000000 4872.000000 4872.000000 4942.000000 5013.000000 5013.000000 5013.000000 5087.000000 5163.000000 5163.000000 5242.000000 5322.000000 5322.000000 5491.000000 5580.000000 5767.000000 5767.000000 5864.000000 5966.000000 6071.000000 6071.000000 6179.000000 6292.000000 6292.000000 6292.000000 6408.000000 6408.000000 6530.000000 6530.000000 6530.000000 6408.000000 6408.000000 6179.000000 6179.000000 6179.000000 6071.000000 6179.000000 6179.000000 6179.000000 6179.000000 6179.000000 6179.000000 6179.000000 6179.000000 6179.000000 6179.000000 6179.000000 6179.000000 6179.000000 6179.000000 6179.000000 6071.000000 6071.000000 5966.000000 5966.000000 0.000000 0.000000 0.000000 0.000000 0.000000 0.000000 0.000000 0.000000 0.000000 0.000000 0.000000 0.000000 0.000000 0.000000 0.000000 0.000000 0.000000 1261.000000 1261.000000 1256.000000 1252.000000 1247.000000 1243.000000 1243.000000 1204.000000 1191.000000 1195.000000 1187.000000 1179.000000 1167.000000 1167.000000 1163.000000 1159.000000 1159.000000 1155.000000 1155.000000 1155.000000 1151.000000 1151.000000 1148.000000 1148.000000 1148.000000 1144.000000 1144.000000 1144.000000 1140.000000 1133.000000 1133.000000 1129.000000 
 4434.000000 4378.000000 4378.000000 4378.000000 4323.000000 4323.000000 4323.000000 4323.000000 4323.000000 4323.000000 4323.000000 4378.000000 4378.000000 4434.000000 4434.000000 4434.000000 4434.000000 4492.000000 4551.000000 4551.000000 4612.000000 4674.000000 4738.000000 4804.000000 4872.000000 4872.000000 4872.000000 4942.000000 5013.000000 5013.000000 5087.000000 5087.000000 5163.000000 5163.000000 5242.000000 5322.000000 5406.000000 5491.000000 5580.000000 5767.000000 5966.000000 6071.000000 6071.000000 6179.000000 6179.000000 6179.000000 6292.000000 6292.000000 6292.000000 6408.000000 6408.000000 6530.000000 6530.000000 6530.000000 6408.000000 6408.000000 6292.000000 6179.000000 6179.000000 6071.000000 6071.000000 6179.000000 6179.000000 6179.000000 6179.000000 6179.000000 6179.000000 6179.000000 6179.000000 6179.000000 6179.000000 6179.000000 6179.000000 6179.000000 6179.000000 6071.000000 6071.000000 5966.000000 6071.000000 0.000000 0.000000 0.000000 0.000000 0.000000 0.000000 0.000000 0.000000 0.000000 0.000000 0.000000 0.000000 0.000000 0.000000 0.000000 0.000000 0.000000 1261.000000 1265.000000 1261.000000 1256.000000 1252.000000 1252.000000 1252.000000 1191.000000 1191.000000 1191.000000 1187.000000 1183.000000 1175.000000 1167.000000 1163.000000 1159.000000 1159.000000 1159.000000 1155.000000 1155.000000 1151.000000 1151.000000 1148.000000 1148.000000 1148.000000 1148.000000 1148.000000 1144.000000 1140.000000 1136.000000 1133.000000 1129.000000 
 4378.000000 4378.000000 4378.000000 4323.000000 4323.000000 4323.000000 4323.000000 4323.000000 4323.000000 4323.000000 4323.000000 4378.000000 4378.000000 4434.000000 4434.000000 4434.000000 4434.000000 4492.000000 4551.000000 4551.000000 4612.000000 4612.000000 4674.000000 4804.000000 4804.000000 4872.000000 4872.000000 4942.000000 5013.000000 5013.000000 5087.000000 5163.000000 5163.000000 5163.000000 5163.000000 5406.000000 5491.000000 5580.000000 5580.000000 5767.000000 5966.000000 6071.000000 6071.000000 6179.000000 6179.000000 6179.000000 6292.000000 6292.000000 6292.000000 6292.000000 6292.000000 6408.000000 6408.000000 6408.000000 6408.000000 6292.000000 6292.000000 6179.000000 6179.000000 6071.000000 6179.000000 6179.000000 6179.000000 6179.000000 6179.000000 6179.000000 6179.000000 6179.000000 6179.000000 6179.000000 6179.000000 6179.000000 6179.000000 6179.000000 6179.000000 6179.000000 6179.000000 6071.000000 6071.000000 6071.000000 6071.000000 0.000000 0.000000 0.000000 0.000000 0.000000 0.000000 0.000000 0.000000 0.000000 0.000000 0.000000 0.000000 0.000000 1275.000000 1270.000000 1265.000000 1265.000000 1261.000000 1256.000000 1256.000000 1256.000000 1256.000000 1191.000000 1191.000000 1195.000000 1191.000000 1183.000000 1175.000000 1167.000000 1167.000000 1163.000000 1159.000000 1159.000000 1155.000000 1155.000000 1151.000000 1151.000000 1148.000000 1151.000000 1148.000000 1148.000000 1148.000000 1144.000000 1140.000000 1136.000000 1136.000000 1129.000000 
 4378.000000 4378.000000 4378.000000 4323.000000 4378.000000 4323.000000 4323.000000 4323.000000 4323.000000 4323.000000 4323.000000 4323.000000 4378.000000 4378.000000 4434.000000 4434.000000 4434.000000 4492.000000 4551.000000 4551.000000 4612.000000 4612.000000 4674.000000 4804.000000 4804.000000 4872.000000 4942.000000 4942.000000 5013.000000 5087.000000 5087.000000 5163.000000 5163.000000 5163.000000 5163.000000 5406.000000 5491.000000 5580.000000 5580.000000 5864.000000 5966.000000 6071.000000 6071.000000 6179.000000 6179.000000 6179.000000 6179.000000 6179.000000 6292.000000 6292.000000 6292.000000 6292.000000 6292.000000 6292.000000 6292.000000 6292.000000 6179.000000 6179.000000 6179.000000 6071.000000 6179.000000 6179.000000 6179.000000 6179.000000 6179.000000 6179.000000 6179.000000 6179.000000 6179.000000 6179.000000 6179.000000 6179.000000 6179.000000 6179.000000 6179.000000 6179.000000 6179.000000 6071.000000 6071.000000 6071.000000 6179.000000 6179.000000 6179.000000 0.000000 0.000000 0.000000 0.000000 0.000000 0.000000 0.000000 0.000000 0.000000 0.000000 0.000000 1275.000000 1270.000000 1265.000000 1265.000000 1270.000000 1265.000000 1261.000000 1261.000000 1256.000000 1195.000000 1195.000000 1191.000000 1191.000000 1183.000000 1179.000000 1171.000000 1167.000000 1163.000000 1159.000000 1159.000000 1155.000000 1155.000000 1151.000000 1151.000000 1148.000000 1151.000000 1151.000000 1148.000000 1148.000000 1148.000000 1144.000000 1140.000000 1140.000000 1133.000000 
 4378.000000 4378.000000 4378.000000 4378.000000 4378.000000 4378.000000 4323.000000 4323.000000 4323.000000 4323.000000 4323.000000 4323.000000 4378.000000 4378.000000 4434.000000 4434.000000 4434.000000 4492.000000 4551.000000 4551.000000 4612.000000 4674.000000 4738.000000 4804.000000 4804.000000 4872.000000 4872.000000 4942.000000 5013.000000 5087.000000 5087.000000 5163.000000 5163.000000 5163.000000 5163.000000 5406.000000 5491.000000 5580.000000 5580.000000 5864.000000 6071.000000 6071.000000 6071.000000 6179.000000 6179.000000 6179.000000 6179.000000 6179.000000 6179.000000 6179.000000 6179.000000 6292.000000 6292.000000 6292.000000 6292.000000 6292.000000 6179.000000 6179.000000 6179.000000 6179.000000 6179.000000 6179.000000 6179.000000 6179.000000 6179.000000 6179.000000 6179.000000 6179.000000 6179.000000 6179.000000 6179.000000 6179.000000 6179.000000 6179.000000 6179.000000 6179.000000 6179.000000 6071.000000 6179.000000 6179.000000 6179.000000 6179.000000 6179.000000 6071.000000 6071.000000 0.000000 0.000000 0.000000 0.000000 0.000000 0.000000 0.000000 0.000000 0.000000 1275.000000 1275.000000 1270.000000 1270.000000 1270.000000 1265.000000 1261.000000 1261.000000 1261.000000 1191.000000 1191.000000 1191.000000 1191.000000 1187.000000 1179.000000 1171.000000 1171.000000 1167.000000 1163.000000 1159.000000 1159.000000 1155.000000 1155.000000 1155.000000 1151.000000 1151.000000 1151.000000 1151.000000 1151.000000 1148.000000 1144.000000 1140.000000 1140.000000 1136.000000 
 4378.000000 4378.000000 4378.000000 4378.000000 4378.000000 4378.000000 4378.000000 4323.000000 4323.000000 4323.000000 4323.000000 4323.000000 4378.000000 4378.000000 4378.000000 4434.000000 4492.000000 4492.000000 4551.000000 4551.000000 4612.000000 4612.000000 4674.000000 4738.000000 4804.000000 4872.000000 4872.000000 4942.000000 4942.000000 5013.000000 5087.000000 5163.000000 5163.000000 5163.000000 5163.000000 5322.000000 5406.000000 5491.000000 5580.000000 5864.000000 5966.000000 6071.000000 6071.000000 6179.000000 6179.000000 6179.000000 6179.000000 6179.000000 6179.000000 6179.000000 6179.000000 6179.000000 6292.000000 6292.000000 6292.000000 6292.000000 6179.000000 6179.000000 6179.000000 6179.000000 6179.000000 6179.000000 6179.000000 6179.000000 6179.000000 6179.000000 6179.000000 6179.000000 6179.000000 6179.000000 6179.000000 6179.000000 6179.000000 6179.000000 6179.000000 6179.000000 6179.000000 6179.000000 6179.000000 6179.000000 6179.000000 6179.000000 6179.000000 6071.000000 6071.000000 6071.000000 0.000000 0.000000 0.000000 0.000000 0.000000 0.000000 0.000000 0.000000 0.000000 0.000000 0.000000 1275.000000 1275.000000 1275.000000 1265.000000 1270.000000 0.000000 1200.000000 1191.000000 1195.000000 1191.000000 1187.000000 1187.000000 1179.000000 1171.000000 1167.000000 1167.000000 1163.000000 1159.000000 1159.000000 1155.000000 1155.000000 1151.000000 1155.000000 1151.000000 1151.000000 1151.000000 1151.000000 1148.000000 1144.000000 1140.000000 1140.000000 
 4378.000000 4378.000000 4378.000000 4378.000000 4378.000000 4378.000000 4378.000000 4323.000000 4378.000000 4323.000000 4323.000000 4323.000000 4378.000000 4378.000000 4434.000000 4434.000000 4492.000000 4492.000000 4551.000000 4551.000000 4612.000000 4612.000000 4674.000000 4738.000000 4804.000000 4872.000000 4872.000000 4942.000000 5013.000000 5013.000000 5087.000000 5163.000000 5163.000000 5163.000000 5242.000000 5322.000000 5406.000000 5406.000000 5491.000000 5966.000000 6071.000000 6071.000000 6179.000000 6179.000000 6179.000000 6179.000000 6179.000000 6179.000000 6179.000000 6179.000000 6179.000000 6179.000000 6292.000000 6292.000000 6292.000000 6292.000000 6292.000000 6292.000000 6179.000000 6179.000000 6179.000000 6179.000000 6179.000000 6179.000000 6179.000000 6179.000000 6179.000000 6179.000000 6179.000000 6179.000000 6179.000000 6179.000000 6179.000000 6179.000000 6179.000000 6179.000000 6179.000000 6179.000000 6179.000000 6179.000000 6179.000000 6179.000000 6179.000000 6071.000000 6071.000000 6071.000000 5966.000000 0.000000 0.000000 0.000000 0.000000 0.000000 0.000000 0.000000 0.000000 0.000000 0.000000 0.000000 1280.000000 1280.000000 1275.000000 1275.000000 0.000000 0.000000 1191.000000 1191.000000 1191.000000 1187.000000 1183.000000 1179.000000 1171.000000 1167.000000 1167.000000 1163.000000 1159.000000 1159.000000 1155.000000 1155.000000 1151.000000 1155.000000 1151.000000 1151.000000 1151.000000 1151.000000 1148.000000 1144.000000 1144.000000 1140.000000 
 4434.000000 4378.000000 4378.000000 4378.000000 4378.000000 4378.000000 4378.000000 4378.000000 4378.000000 4323.000000 4323.000000 4323.000000 4378.000000 4378.000000 4434.000000 4434.000000 4434.000000 4492.000000 4551.000000 4551.000000 4612.000000 4674.000000 4674.000000 4804.000000 4804.000000 4872.000000 4942.000000 4942.000000 5013.000000 5013.000000 5087.000000 5087.000000 5163.000000 5163.000000 5242.000000 5322.000000 5322.000000 5406.000000 5491.000000 5491.000000 6071.000000 6179.000000 6179.000000 6179.000000 6292.000000 6179.000000 6179.000000 6179.000000 6179.000000 6179.000000 6179.000000 6179.000000 6179.000000 6179.000000 6179.000000 6292.000000 6292.000000 6292.000000 6179.000000 6179.000000 6179.000000 6179.000000 6179.000000 6179.000000 6179.000000 6179.000000 6179.000000 6179.000000 6179.000000 6179.000000 6179.000000 6179.000000 6179.000000 6179.000000 6179.000000 6179.000000 6179.000000 6179.000000 6179.000000 6179.000000 6179.000000 6179.000000 6179.000000 6071.000000 6071.000000 6071.000000 6071.000000 6071.000000 0.000000 0.000000 0.000000 0.000000 0.000000 0.000000 0.000000 0.000000 0.000000 0.000000 0.000000 0.000000 1280.000000 0.000000 0.000000 0.000000 1191.000000 1191.000000 1187.000000 1187.000000 1187.000000 1179.000000 1171.000000 1167.000000 1167.000000 1163.000000 1163.000000 1159.000000 1159.000000 1155.000000 1155.000000 1155.000000 1155.000000 1151.000000 1151.000000 1151.000000 1148.000000 1144.000000 1140.000000 1140.000000 
 4434.000000 4378.000000 4378.000000 4378.000000 4378.000000 4378.000000 4378.000000 4378.000000 4378.000000 4323.000000 4323.000000 4323.000000 4378.000000 4378.000000 4434.000000 4434.000000 4492.000000 4492.000000 4551.000000 4612.000000 4612.000000 4674.000000 4738.000000 4804.000000 4872.000000 4872.000000 4942.000000 4942.000000 5013.000000 5013.000000 5087.000000 5087.000000 5163.000000 5163.000000 5242.000000 5322.000000 5322.000000 5322.000000 5406.000000 5406.000000 6179.000000 6179.000000 6179.000000 6179.000000 6292.000000 6179.000000 6179.000000 6179.000000 6179.000000 6179.000000 6179.000000 6179.000000 6179.000000 6179.000000 6179.000000 6179.000000 6179.000000 6179.000000 6179.000000 6179.000000 6179.000000 6179.000000 6179.000000 6179.000000 6179.000000 6179.000000 6179.000000 6179.000000 6179.000000 6179.000000 6179.000000 6179.000000 6179.000000 6179.000000 6179.000000 6179.000000 6179.000000 6179.000000 6179.000000 6179.000000 6179.000000 6179.000000 6179.000000 6071.000000 6071.000000 6071.000000 6071.000000 6071.000000 0.000000 0.000000 0.000000 0.000000 0.000000 0.000000 0.000000 0.000000 0.000000 0.000000 0.000000 0.000000 0.000000 0.000000 0.000000 0.000000 1191.000000 1191.000000 1195.000000 1191.000000 1187.000000 1179.000000 1175.000000 1171.000000 1167.000000 1163.000000 1163.000000 1159.000000 1159.000000 1155.000000 1155.000000 1155.000000 1155.000000 1151.000000 1151.000000 1151.000000 1148.000000 1144.000000 1140.000000 1140.000000 
 4434.000000 4378.000000 4378.000000 4378.000000 4378.000000 4378.000000 4378.000000 4378.000000 4378.000000 4323.000000 4323.000000 4323.000000 4378.000000 4378.000000 4434.000000 4434.000000 4492.000000 4551.000000 4551.000000 4612.000000 4612.000000 4674.000000 4738.000000 4804.000000 4804.000000 4872.000000 4872.000000 4942.000000 4942.000000 5013.000000 5087.000000 5087.000000 5163.000000 5163.000000 5242.000000 5242.000000 5322.000000 5322.000000 5406.000000 5406.000000 6179.000000 6179.000000 6179.000000 6179.000000 6292.000000 6179.000000 6179.000000 6179.000000 6179.000000 6179.000000 6179.000000 6179.000000 6179.000000 6179.000000 6179.000000 6179.000000 6179.000000 6179.000000 6179.000000 6179.000000 6179.000000 6179.000000 6179.000000 6179.000000 6179.000000 6179.000000 6179.000000 6179.000000 6179.000000 6179.000000 6071.000000 6071.000000 6179.000000 6179.000000 6179.000000 6179.000000 6179.000000 6179.000000 6179.000000 6179.000000 6179.000000 6179.000000 6179.000000 6179.000000 6071.000000 6071.000000 6071.000000 6071.000000 5966.000000 0.000000 0.000000 0.000000 0.000000 0.000000 0.000000 0.000000 0.000000 0.000000 0.000000 0.000000 0.000000 0.000000 0.000000 0.000000 0.000000 0.000000 1200.000000 1195.000000 1191.000000 1183.000000 1175.000000 1171.000000 1171.000000 1167.000000 1163.000000 1159.000000 1159.000000 1155.000000 1155.000000 1155.000000 1155.000000 1151.000000 1151.000000 1151.000000 1148.000000 1144.000000 1140.000000 1140.000000 
 4378.000000 4378.000000 4378.000000 4378.000000 4378.000000 4378.000000 4378.000000 4323.000000 4378.000000 4323.000000 4323.000000 4323.000000 4378.000000 4378.000000 4434.000000 4492.000000 4551.000000 4551.000000 4551.000000 4612.000000 4674.000000 4674.000000 4738.000000 4804.000000 4872.000000 4872.000000 4942.000000 4942.000000 4942.000000 5013.000000 5013.000000 5087.000000 5163.000000 5163.000000 5242.000000 5242.000000 5322.000000 5322.000000 0.000000 0.000000 6179.000000 6179.000000 6292.000000 6292.000000 6292.000000 6179.000000 6179.000000 6179.000000 6179.000000 6179.000000 6179.000000 6179.000000 6179.000000 6179.000000 6179.000000 6292.000000 6179.000000 6179.000000 6179.000000 6179.000000 6179.000000 6292.000000 6179.000000 6179.000000 6179.000000 6179.000000 6179.000000 6179.000000 6179.000000 6179.000000 6071.000000 6071.000000 6179.000000 6179.000000 6179.000000 6179.000000 6179.000000 6179.000000 6179.000000 6179.000000 6179.000000 6179.000000 6179.000000 6179.000000 6071.000000 6071.000000 6071.000000 6071.000000 5966.000000 0.000000 0.000000 0.000000 0.000000 0.000000 0.000000 0.000000 0.000000 0.000000 0.000000 0.000000 0.000000 0.000000 0.000000 0.000000 0.000000 0.000000 1200.000000 1195.000000 1191.000000 1187.000000 1183.000000 1171.000000 1171.000000 1167.000000 1163.000000 1159.000000 1159.000000 1155.000000 1155.000000 1155.000000 1155.000000 1151.000000 1151.000000 1151.000000 1148.000000 1140.000000 1140.000000 1140.000000 
 4378.000000 4378.000000 4378.000000 4378.000000 4378.000000 4378.000000 4378.000000 4323.000000 4378.000000 4323.000000 4323.000000 4323.000000 4378.000000 4378.000000 4434.000000 4492.000000 4492.000000 4551.000000 4612.000000 4612.000000 4674.000000 4738.000000 4738.000000 4804.000000 4872.000000 4872.000000 4942.000000 4942.000000 4942.000000 5013.000000 5013.000000 5087.000000 5163.000000 5163.000000 5242.000000 5242.000000 5322.000000 5242.000000 0.000000 0.000000 0.000000 6179.000000 6292.000000 6292.000000 6292.000000 6179.000000 6179.000000 6179.000000 6179.000000 6179.000000 6179.000000 6179.000000 6179.000000 6179.000000 6179.000000 6292.000000 6179.000000 6179.000000 6179.000000 6179.000000 6179.000000 6179.000000 6179.000000 6179.000000 6179.000000 6179.000000 6179.000000 6179.000000 6179.000000 6179.000000 6179.000000 6179.000000 6179.000000 6179.000000 6179.000000 6179.000000 6179.000000 6179.000000 6179.000000 6179.000000 6179.000000 6179.000000 6179.000000 6179.000000 6179.000000 6071.000000 6071.000000 6071.000000 6071.000000 0.000000 0.000000 0.000000 0.000000 0.000000 0.000000 0.000000 0.000000 0.000000 0.000000 0.000000 0.000000 0.000000 0.000000 0.000000 0.000000 0.000000 0.000000 1195.000000 1195.000000 1187.000000 1187.000000 1175.000000 1175.000000 1171.000000 1167.000000 1163.000000 1159.000000 1159.000000 1159.000000 1155.000000 1155.000000 1151.000000 1151.000000 1151.000000 1148.000000 1140.000000 1140.000000 1140.000000 
 4378.000000 4378.000000 4378.000000 4378.000000 4378.000000 4378.000000 4378.000000 4323.000000 4323.000000 4323.000000 4323.000000 4323.000000 4378.000000 4378.000000 4434.000000 4492.000000 4551.000000 4551.000000 4612.000000 4612.000000 4674.000000 4674.000000 4738.000000 4804.000000 4872.000000 4872.000000 4942.000000 4942.000000 4942.000000 5013.000000 5013.000000 5087.000000 5163.000000 5163.000000 5242.000000 5322.000000 5322.000000 0.000000 0.000000 0.000000 0.000000 6292.000000 6292.000000 6292.000000 6292.000000 6292.000000 6292.000000 6179.000000 6179.000000 6179.000000 6292.000000 6179.000000 6292.000000 6292.000000 6292.000000 6292.000000 6179.000000 6292.000000 6179.000000 6179.000000 6179.000000 6179.000000 6179.000000 6179.000000 6179.000000 6179.000000 6179.000000 6179.000000 6179.000000 6179.000000 6179.000000 6179.000000 6179.000000 6179.000000 6179.000000 6179.000000 6179.000000 6179.000000 6179.000000 6179.000000 6179.000000 6179.000000 6179.000000 6071.000000 6071.000000 6071.000000 6071.000000 6071.000000 0.000000 0.000000 0.000000 0.000000 0.000000 0.000000 0.000000 0.000000 0.000000 0.000000 0.000000 0.000000 0.000000 0.000000 0.000000 0.000000 0.000000 1200.000000 1200.000000 1195.000000 1195.000000 1191.000000 1187.000000 1179.000000 1175.000000 1171.000000 1171.000000 1163.000000 1163.000000 1159.000000 1159.000000 1155.000000 1155.000000 1155.000000 1155.000000 1151.000000 1148.000000 1140.000000 1140.000000 1140.000000 
 4378.000000 4323.000000 4378.000000 4378.000000 4378.000000 4378.000000 4378.000000 4323.000000 4378.000000 4323.000000 4323.000000 4323.000000 4378.000000 4378.000000 4434.000000 4492.000000 4551.000000 4551.000000 4612.000000 4612.000000 4674.000000 4738.000000 4738.000000 4804.000000 4872.000000 4872.000000 4872.000000 4942.000000 4942.000000 4942.000000 4942.000000 5087.000000 5163.000000 5163.000000 0.000000 0.000000 0.000000 0.000000 0.000000 0.000000 0.000000 0.000000 0.000000 6292.000000 6292.000000 6292.000000 6292.000000 6292.000000 6292.000000 6292.000000 6292.000000 0.000000 0.000000 6292.000000 6292.000000 0.000000 0.000000 6292.000000 6179.000000 6179.000000 0.000000 0.000000 6179.000000 0.000000 6179.000000 6179.000000 6179.000000 6179.000000 6179.000000 6179.000000 907.000000 904.000000 904.000000 907.000000 6179.000000 6179.000000 6179.000000 914.000000 914.000000 916.000000 911.000000 6179.000000 6179.000000 6179.000000 6179.000000 0.000000 0.000000 0.000000 0.000000 0.000000 0.000000 0.000000 0.000000 0.000000 0.000000 0.000000 0.000000 0.000000 0.000000 0.000000 0.000000 0.000000 0.000000 0.000000 0.000000 1195.000000 1195.000000 1195.000000 1195.000000 1191.000000 1187.000000 1179.000000 1179.000000 1175.000000 1171.000000 1167.000000 1167.000000 1163.000000 1159.000000 1159.000000 1155.000000 1155.000000 1151.000000 1148.000000 1144.000000 1140.000000 1140.000000 1140.000000 
 4378.000000 4323.000000 4323.000000 4378.000000 4378.000000 4378.000000 4378.000000 4378.000000 4378.000000 4378.000000 4378.000000 4323.000000 4378.000000 4378.000000 4434.000000 4492.000000 4551.000000 4551.000000 4612.000000 4612.000000 4674.000000 4674.000000 4738.000000 4804.000000 4804.000000 4872.000000 4872.000000 4942.000000 4942.000000 4942.000000 4942.000000 5087.000000 5087.000000 5163.000000 0.000000 0.000000 0.000000 0.000000 0.000000 0.000000 0.000000 0.000000 0.000000 0.000000 0.000000 6292.000000 6292.000000 6292.000000 6292.000000 0.000000 0.000000 0.000000 0.000000 0.000000 0.000000 0.000000 0.000000 0.000000 0.000000 0.000000 0.000000 0.000000 0.000000 0.000000 909.000000 909.000000 909.000000 909.000000 909.000000 909.000000 907.000000 904.000000 904.000000 907.000000 907.000000 909.000000 911.000000 911.000000 911.000000 911.000000 911.000000 909.000000 911.000000 0.000000 0.000000 0.000000 0.000000 0.000000 0.000000 0.000000 0.000000 0.000000 0.000000 0.000000 0.000000 0.000000 0.000000 0.000000 0.000000 0.000000 0.000000 0.000000 0.000000 0.000000 0.000000 0.000000 1200.000000 1195.000000 1195.000000 1191.000000 1191.000000 1183.000000 1179.000000 1175.000000 1175.000000 1171.000000 1167.000000 1163.000000 1159.000000 1159.000000 1155.000000 1151.000000 1151.000000 1148.000000 1148.000000 1144.000000 1140.000000 1140.000000 
 4323.000000 4323.000000 4323.000000 4378.000000 4378.000000 4378.000000 4378.000000 4378.000000 4378.000000 4378.000000 4378.000000 4323.000000 4378.000000 4378.000000 4434.000000 4492.000000 4551.000000 4612.000000 4612.000000 4612.000000 4674.000000 4738.000000 4738.000000 4804.000000 4804.000000 4804.000000 4872.000000 4942.000000 4942.000000 4942.000000 5013.000000 5087.000000 5163.000000 5163.000000 0.000000 0.000000 0.000000 0.000000 0.000000 0.000000 0.000000 0.000000 0.000000 0.000000 0.000000 0.000000 0.000000 0.000000 0.000000 0.000000 0.000000 0.000000 0.000000 0.000000 0.000000 0.000000 0.000000 0.000000 0.000000 0.000000 0.000000 902.000000 0.000000 904.000000 907.000000 904.000000 907.000000 907.000000 907.000000 904.000000 904.000000 904.000000 904.000000 904.000000 907.000000 909.000000 911.000000 911.000000 911.000000 914.000000 911.000000 911.000000 909.000000 907.000000 904.000000 0.000000 0.000000 0.000000 0.000000 0.000000 0.000000 0.000000 0.000000 0.000000 0.000000 0.000000 0.000000 0.000000 0.000000 0.000000 0.000000 0.000000 0.000000 0.000000 0.000000 1200.000000 1200.000000 1195.000000 1195.000000 1191.000000 1191.000000 1183.000000 1179.000000 1175.000000 1175.000000 1171.000000 1171.000000 1167.000000 1159.000000 1159.000000 1155.000000 1151.000000 1151.000000 1148.000000 1148.000000 1144.000000 1144.000000 1140.000000 
 4323.000000 4323.000000 4323.000000 4378.000000 4378.000000 4378.000000 4378.000000 4378.000000 4378.000000 4378.000000 4378.000000 4323.000000 4378.000000 4378.000000 4434.000000 4492.000000 4551.000000 4612.000000 4612.000000 4612.000000 4674.000000 4674.000000 4738.000000 4738.000000 4804.000000 4804.000000 4872.000000 4942.000000 4942.000000 4942.000000 5013.000000 5013.000000 5163.000000 5163.000000 0.000000 0.000000 0.000000 0.000000 0.000000 0.000000 0.000000 0.000000 0.000000 0.000000 0.000000 0.000000 0.000000 0.000000 0.000000 0.000000 0.000000 0.000000 0.000000 0.000000 0.000000 0.000000 0.000000 0.000000 0.000000 0.000000 902.000000 902.000000 902.000000 904.000000 904.000000 904.000000 907.000000 907.000000 904.000000 904.000000 904.000000 904.000000 904.000000 902.000000 904.000000 907.000000 909.000000 911.000000 911.000000 911.000000 911.000000 911.000000 909.000000 907.000000 904.000000 0.000000 0.000000 0.000000 0.000000 0.000000 0.000000 0.000000 0.000000 0.000000 0.000000 0.000000 0.000000 0.000000 0.000000 0.000000 0.000000 0.000000 0.000000 0.000000 0.000000 0.000000 0.000000 0.000000 1195.000000 1191.000000 1191.000000 1183.000000 1183.000000 1179.000000 1175.000000 1175.000000 1171.000000 1167.000000 1163.000000 1159.000000 1155.000000 1155.000000 1151.000000 1151.000000 1148.000000 1148.000000 1144.000000 1144.000000 
 4323.000000 4323.000000 4323.000000 4378.000000 4378.000000 4378.000000 4378.000000 4378.000000 4378.000000 4378.000000 4378.000000 4323.000000 4378.000000 4434.000000 4492.000000 4492.000000 4551.000000 4612.000000 4612.000000 4612.000000 4674.000000 4674.000000 4674.000000 4738.000000 4804.000000 4804.000000 4872.000000 4942.000000 5013.000000 5013.000000 5013.000000 0.000000 0.000000 0.000000 0.000000 0.000000 0.000000 0.000000 0.000000 0.000000 0.000000 0.000000 0.000000 0.000000 0.000000 0.000000 0.000000 0.000000 0.000000 0.000000 0.000000 0.000000 0.000000 0.000000 0.000000 0.000000 0.000000 0.000000 0.000000 902.000000 902.000000 902.000000 902.000000 902.000000 904.000000 902.000000 904.000000 904.000000 904.000000 902.000000 902.000000 902.000000 902.000000 902.000000 904.000000 904.000000 909.000000 909.000000 911.000000 911.000000 911.000000 909.000000 909.000000 907.000000 907.000000 907.000000 902.000000 902.000000 904.000000 0.000000 0.000000 0.000000 0.000000 0.000000 0.000000 0.000000 0.000000 0.000000 0.000000 0.000000 0.000000 0.000000 0.000000 0.000000 0.000000 0.000000 0.000000 0.000000 1195.000000 1191.000000 1191.000000 1187.000000 1183.000000 1179.000000 1175.000000 1175.000000 1171.000000 1167.000000 1163.000000 1159.000000 1155.000000 1155.000000 1151.000000 1151.000000 1151.000000 1151.000000 1148.000000 1144.000000 
 4378.000000 4378.000000 4323.000000 4378.000000 4378.000000 4378.000000 4378.000000 4378.000000 4378.000000 4378.000000 4378.000000 4323.000000 4434.000000 4434.000000 4492.000000 4551.000000 4551.000000 4612.000000 4612.000000 4612.000000 4612.000000 4674.000000 4674.000000 4674.000000 4738.000000 4804.000000 0.000000 0.000000 0.000000 0.000000 0.000000 0.000000 0.000000 0.000000 0.000000 0.000000 0.000000 0.000000 0.000000 0.000000 0.000000 0.000000 0.000000 0.000000 0.000000 0.000000 0.000000 0.000000 0.000000 0.000000 0.000000 0.000000 0.000000 0.000000 0.000000 902.000000 902.000000 899.000000 899.000000 899.000000 899.000000 899.000000 899.000000 899.000000 902.000000 899.000000 902.000000 902.000000 902.000000 902.000000 902.000000 902.000000 902.000000 902.000000 902.000000 902.000000 904.000000 907.000000 907.000000 909.000000 909.000000 909.000000 907.000000 902.000000 899.000000 902.000000 899.000000 897.000000 902.000000 904.000000 0.000000 911.000000 911.000000 909.000000 0.000000 0.000000 0.000000 0.000000 0.000000 0.000000 0.000000 0.000000 0.000000 0.000000 0.000000 0.000000 0.000000 0.000000 1195.000000 1191.000000 1191.000000 1187.000000 1183.000000 1179.000000 1179.000000 1175.000000 1171.000000 1171.000000 1163.000000 1159.000000 1155.000000 1155.000000 1155.000000 1155.000000 1155.000000 1155.000000 1148.000000 1148.000000 
 4378.000000 4378.000000 4323.000000 4378.000000 4378.000000 4378.000000 4378.000000 4378.000000 4378.000000 4378.000000 4378.000000 4378.000000 4434.000000 4434.000000 4492.000000 4551.000000 4551.000000 4612.000000 4612.000000 4612.000000 4674.000000 4674.000000 4674.000000 4674.000000 4674.000000 4804.000000 0.000000 0.000000 0.000000 0.000000 0.000000 0.000000 0.000000 0.000000 0.000000 0.000000 0.000000 0.000000 0.000000 0.000000 0.000000 0.000000 0.000000 0.000000 0.000000 0.000000 0.000000 0.000000 0.000000 0.000000 907.000000 907.000000 907.000000 902.000000 902.000000 902.000000 902.000000 902.000000 899.000000 899.000000 899.000000 897.000000 899.000000 899.000000 899.000000 899.000000 902.000000 902.000000 902.000000 902.000000 902.000000 902.000000 902.000000 902.000000 902.000000 902.000000 904.000000 907.000000 907.000000 909.000000 909.000000 907.000000 904.000000 902.000000 899.000000 899.000000 899.000000 899.000000 899.000000 902.000000 904.000000 907.000000 907.000000 907.000000 904.000000 0.000000 0.000000 0.000000 0.000000 0.000000 0.000000 0.000000 0.000000 0.000000 0.000000 0.000000 0.000000 0.000000 0.000000 1191.000000 1191.000000 1191.000000 1183.000000 1183.000000 1179.000000 1175.000000 1175.000000 1171.000000 1167.000000 1159.000000 1159.000000 1155.000000 1155.000000 1155.000000 1155.000000 1155.000000 1151.000000 1148.000000 
 4378.000000 4378.000000 4378.000000 4378.000000 4378.000000 4378.000000 4378.000000 4378.000000 4378.000000 4378.000000 4378.000000 4323.000000 4434.000000 4434.000000 4492.000000 4492.000000 4551.000000 4612.000000 4612.000000 4612.000000 4674.000000 4674.000000 4674.000000 4674.000000 0.000000 0.000000 0.000000 0.000000 0.000000 0.000000 0.000000 0.000000 0.000000 0.000000 0.000000 0.000000 0.000000 0.000000 0.000000 0.000000 0.000000 0.000000 0.000000 0.000000 0.000000 0.000000 0.000000 907.000000 907.000000 907.000000 907.000000 907.000000 907.000000 902.000000 902.000000 902.000000 902.000000 902.000000 902.000000 899.000000 899.000000 897.000000 897.000000 899.000000 899.000000 899.000000 899.000000 899.000000 899.000000 902.000000 902.000000 902.000000 902.000000 902.000000 902.000000 902.000000 904.000000 904.000000 904.000000 907.000000 907.000000 904.000000 904.000000 902.000000 899.000000 899.000000 899.000000 899.000000 899.000000 902.000000 904.000000 904.000000 904.000000 904.000000 904.000000 904.000000 0.000000 0.000000 0.000000 0.000000 0.000000 0.000000 0.000000 0.000000 0.000000 0.000000 0.000000 0.000000 0.000000 0.000000 1191.000000 1191.000000 1187.000000 1183.000000 1179.000000 1179.000000 1175.000000 1171.000000 1167.000000 1163.000000 1159.000000 1155.000000 1155.000000 1155.000000 1155.000000 1155.000000 1155.000000 1151.000000 
 4378.000000 4378.000000 4378.000000 4378.000000 4378.000000 4378.000000 4378.000000 4378.000000 4378.000000 4378.000000 4378.000000 4378.000000 4434.000000 4434.000000 4434.000000 4492.000000 4551.000000 4551.000000 4612.000000 4612.000000 4674.000000 4674.000000 4674.000000 4674.000000 0.000000 0.000000 0.000000 0.000000 0.000000 0.000000 0.000000 0.000000 0.000000 0.000000 0.000000 0.000000 0.000000 0.000000 0.000000 0.000000 0.000000 0.000000 0.000000 0.000000 0.000000 0.000000 0.000000 907.000000 904.000000 904.000000 904.000000 904.000000 904.000000 902.000000 902.000000 902.000000 902.000000 902.000000 902.000000 899.000000 899.000000 897.000000 897.000000 897.000000 899.000000 897.000000 899.000000 899.000000 899.000000 902.000000 902.000000 902.000000 904.000000 902.000000 904.000000 902.000000 904.000000 904.000000 904.000000 904.000000 904.000000 904.000000 904.000000 902.000000 899.000000 899.000000 899.000000 899.000000 899.000000 902.000000 902.000000 904.000000 904.000000 904.000000 904.000000 904.000000 907.000000 907.000000 0.000000 0.000000 0.000000 0.000000 0.000000 0.000000 0.000000 0.000000 0.000000 0.000000 0.000000 0.000000 1191.000000 1191.000000 1187.000000 1187.000000 1183.000000 1179.000000 1175.000000 1175.000000 1171.000000 1163.000000 1159.000000 1159.000000 1159.000000 1155.000000 1155.000000 1155.000000 1155.000000 1151.000000 
 4378.000000 4378.000000 4378.000000 4378.000000 4378.000000 4378.000000 4378.000000 4378.000000 4378.000000 4323.000000 4323.000000 4323.000000 4378.000000 4434.000000 4434.000000 4492.000000 4551.000000 4551.000000 4612.000000 4612.000000 4674.000000 4674.000000 4674.000000 4674.000000 0.000000 0.000000 0.000000 0.000000 0.000000 0.000000 0.000000 0.000000 0.000000 0.000000 0.000000 0.000000 0.000000 0.000000 0.000000 0.000000 0.000000 0.000000 0.000000 0.000000 0.000000 902.000000 904.000000 904.000000 904.000000 904.000000 904.000000 904.000000 904.000000 902.000000 902.000000 902.000000 902.000000 902.000000 902.000000 899.000000 899.000000 897.000000 897.000000 897.000000 899.000000 897.000000 899.000000 899.000000 899.000000 902.000000 902.000000 902.000000 904.000000 904.000000 904.000000 902.000000 904.000000 904.000000 904.000000 904.000000 904.000000 904.000000 904.000000 902.000000 902.000000 899.000000 899.000000 899.000000 899.000000 902.000000 902.000000 902.000000 904.000000 904.000000 904.000000 904.000000 904.000000 907.000000 907.000000 0.000000 0.000000 0.000000 0.000000 0.000000 0.000000 0.000000 0.000000 0.000000 0.000000 0.000000 0.000000 1191.000000 1187.000000 1187.000000 1187.000000 1183.000000 1179.000000 1175.000000 1171.000000 1163.000000 1159.000000 1159.000000 1159.000000 1155.000000 1155.000000 1155.000000 1155.000000 1155.000000 
 4378.000000 4378.000000 4378.000000 4378.000000 4378.000000 4378.000000 4378.000000 4378.000000 4378.000000 4323.000000 4323.000000 4323.000000 4378.000000 4434.000000 4434.000000 4434.000000 4551.000000 4551.000000 4612.000000 4612.000000 4674.000000 4674.000000 4674.000000 4674.000000 4674.000000 0.000000 0.000000 0.000000 0.000000 0.000000 0.000000 0.000000 0.000000 0.000000 0.000000 0.000000 0.000000 0.000000 0.000000 0.000000 0.000000 0.000000 0.000000 0.000000 0.000000 904.000000 904.000000 907.000000 907.000000 904.000000 904.000000 904.000000 904.000000 902.000000 902.000000 902.000000 902.000000 902.000000 902.000000 899.000000 899.000000 899.000000 899.000000 899.000000 899.000000 897.000000 899.000000 899.000000 899.000000 902.000000 902.000000 902.000000 904.000000 904.000000 904.000000 904.000000 904.000000 904.000000 904.000000 904.000000 904.000000 904.000000 904.000000 902.000000 902.000000 899.000000 899.000000 899.000000 899.000000 902.000000 902.000000 902.000000 904.000000 904.000000 904.000000 904.000000 904.000000 907.000000 907.000000 0.000000 0.000000 0.000000 0.000000 0.000000 0.000000 0.000000 0.000000 0.000000 0.000000 0.000000 0.000000 1191.000000 1191.000000 1187.000000 1187.000000 1183.000000 1179.000000 1175.000000 1171.000000 1163.000000 1163.000000 1159.000000 1159.000000 1159.000000 1159.000000 1159.000000 1155.000000 1155.000000 
 4378.000000 4378.000000 4378.000000 4378.000000 4378.000000 4378.000000 4378.000000 4378.000000 4323.000000 4323.000000 4323.000000 4323.000000 4378.000000 4434.000000 4434.000000 4434.000000 4551.000000 4551.000000 4612.000000 4612.000000 4674.000000 4674.000000 4674.000000 4674.000000 4674.000000 0.000000 0.000000 0.000000 0.000000 0.000000 0.000000 0.000000 0.000000 0.000000 0.000000 0.000000 0.000000 0.000000 0.000000 0.000000 0.000000 0.000000 0.000000 0.000000 907.000000 904.000000 904.000000 907.000000 904.000000 904.000000 902.000000 902.000000 902.000000 902.000000 902.000000 902.000000 902.000000 902.000000 902.000000 902.000000 899.000000 899.000000 899.000000 899.000000 899.000000 897.000000 899.000000 899.000000 899.000000 899.000000 902.000000 902.000000 902.000000 902.000000 904.000000 902.000000 904.000000 904.000000 904.000000 904.000000 904.000000 904.000000 902.000000 902.000000 899.000000 899.000000 899.000000 899.000000 899.000000 902.000000 902.000000 902.000000 902.000000 902.000000 904.000000 904.000000 904.000000 907.000000 907.000000 907.000000 909.000000 0.000000 0.000000 0.000000 0.000000 0.000000 0.000000 0.000000 0.000000 0.000000 0.000000 1195.000000 1191.000000 1191.000000 1187.000000 1187.000000 1183.000000 1175.000000 1171.000000 1167.000000 1163.000000 1159.000000 1159.000000 1159.000000 1159.000000 1159.000000 1155.000000 1155.000000 
 4378.000000 4378.000000 4378.000000 4378.000000 4378.000000 4378.000000 4323.000000 4378.000000 4323.000000 4323.000000 4323.000000 4323.000000 4378.000000 4434.000000 4434.000000 4434.000000 4492.000000 4551.000000 4551.000000 4612.000000 4612.000000 4674.000000 4674.000000 4674.000000 4674.000000 0.000000 0.000000 0.000000 0.000000 0.000000 0.000000 0.000000 0.000000 0.000000 0.000000 0.000000 0.000000 0.000000 0.000000 0.000000 0.000000 0.000000 0.000000 907.000000 904.000000 904.000000 904.000000 904.000000 904.000000 902.000000 902.000000 902.000000 902.000000 902.000000 902.000000 902.000000 902.000000 902.000000 902.000000 902.000000 902.000000 899.000000 899.000000 899.000000 899.000000 899.000000 899.000000 899.000000 899.000000 899.000000 902.000000 902.000000 904.000000 902.000000 904.000000 904.000000 904.000000 904.000000 904.000000 904.000000 904.000000 902.000000 902.000000 902.000000 899.000000 899.000000 899.000000 899.000000 899.000000 902.000000 902.000000 902.000000 902.000000 902.000000 904.000000 904.000000 904.000000 904.000000 907.000000 909.000000 909.000000 0.000000 0.000000 0.000000 0.000000 0.000000 0.000000 0.000000 0.000000 0.000000 0.000000 1195.000000 1195.000000 1191.000000 1191.000000 1187.000000 1183.000000 1179.000000 1175.000000 1167.000000 1167.000000 1163.000000 1163.000000 1159.000000 1159.000000 1159.000000 1155.000000 1155.000000 
 4378.000000 4378.000000 4378.000000 4378.000000 4378.000000 4378.000000 4378.000000 4378.000000 4378.000000 4323.000000 4323.000000 4323.000000 4378.000000 4434.000000 4378.000000 4434.000000 4492.000000 4551.000000 4551.000000 4612.000000 4612.000000 4674.000000 4674.000000 4674.000000 0.000000 0.000000 0.000000 0.000000 0.000000 0.000000 0.000000 0.000000 0.000000 0.000000 0.000000 0.000000 0.000000 0.000000 0.000000 0.000000 0.000000 0.000000 0.000000 907.000000 907.000000 904.000000 904.000000 904.000000 904.000000 902.000000 902.000000 902.000000 899.000000 902.000000 899.000000 902.000000 899.000000 899.000000 902.000000 902.000000 902.000000 899.000000 899.000000 899.000000 899.000000 899.000000 899.000000 899.000000 899.000000 899.000000 902.000000 902.000000 904.000000 904.000000 904.000000 904.000000 904.000000 907.000000 904.000000 904.000000 904.000000 904.000000 904.000000 904.000000 902.000000 902.000000 902.000000 902.000000 899.000000 902.000000 902.000000 902.000000 902.000000 902.000000 904.000000 904.000000 904.000000 904.000000 907.000000 907.000000 909.000000 0.000000 0.000000 0.000000 0.000000 0.000000 0.000000 0.000000 0.000000 0.000000 0.000000 0.000000 1195.000000 1191.000000 1191.000000 1187.000000 1187.000000 1183.000000 1175.000000 1171.000000 1167.000000 1163.000000 1163.000000 1159.000000 1159.000000 1159.000000 1159.000000 1155.000000 
 4378.000000 4378.000000 4378.000000 4378.000000 4378.000000 4378.000000 4323.000000 4378.000000 4378.000000 4323.000000 4323.000000 4323.000000 4378.000000 4434.000000 4378.000000 4434.000000 4492.000000 4492.000000 4551.000000 4612.000000 4612.000000 4612.000000 4674.000000 4674.000000 0.000000 0.000000 0.000000 0.000000 0.000000 0.000000 0.000000 0.000000 0.000000 0.000000 0.000000 0.000000 0.000000 0.000000 0.000000 0.000000 0.000000 0.000000 0.000000 907.000000 907.000000 907.000000 904.000000 904.000000 904.000000 902.000000 902.000000 902.000000 899.000000 902.000000 902.000000 902.000000 902.000000 902.000000 902.000000 902.000000 902.000000 902.000000 902.000000 899.000000 899.000000 899.000000 899.000000 899.000000 899.000000 899.000000 899.000000 902.000000 904.000000 904.000000 904.000000 904.000000 904.000000 904.000000 904.000000 904.000000 904.000000 904.000000 904.000000 904.000000 904.000000 904.000000 902.000000 902.000000 902.000000 904.000000 902.000000 902.000000 902.000000 902.000000 904.000000 904.000000 904.000000 904.000000 907.000000 907.000000 909.000000 0.000000 0.000000 0.000000 0.000000 0.000000 0.000000 0.000000 0.000000 0.000000 0.000000 0.000000 0.000000 1191.000000 1191.000000 1187.000000 1187.000000 1183.000000 1175.000000 1175.000000 1167.000000 1167.000000 1163.000000 1159.000000 1159.000000 1159.000000 1159.000000 1155.000000 
 4323.000000 4378.000000 4378.000000 4378.000000 4378.000000 4378.000000 4323.000000 4378.000000 4378.000000 4378.000000 4378.000000 4378.000000 4434.000000 4434.000000 4434.000000 4434.000000 4492.000000 4492.000000 4551.000000 4551.000000 4551.000000 4612.000000 4612.000000 0.000000 0.000000 0.000000 0.000000 0.000000 0.000000 0.000000 0.000000 0.000000 0.000000 0.000000 0.000000 0.000000 0.000000 0.000000 0.000000 0.000000 0.000000 0.000000 0.000000 0.000000 909.000000 904.000000 904.000000 904.000000 902.000000 902.000000 902.000000 899.000000 899.000000 902.000000 902.000000 902.000000 902.000000 902.000000 902.000000 902.000000 902.000000 902.000000 902.000000 902.000000 899.000000 899.000000 899.000000 899.000000 899.000000 899.000000 902.000000 902.000000 902.000000 902.000000 904.000000 904.000000 904.000000 907.000000 907.000000 907.000000 907.000000 907.000000 907.000000 907.000000 904.000000 904.000000 904.000000 902.000000 902.000000 904.000000 904.000000 904.000000 904.000000 904.000000 904.000000 907.000000 904.000000 907.000000 907.000000 907.000000 909.000000 0.000000 0.000000 0.000000 0.000000 0.000000 0.000000 0.000000 0.000000 0.000000 0.000000 0.000000 0.000000 1191.000000 1191.000000 1191.000000 1187.000000 1183.000000 1179.000000 1175.000000 1171.000000 1167.000000 1167.000000 1163.000000 1159.000000 1159.000000 1159.000000 1155.000000 
 4323.000000 4323.000000 4378.000000 4378.000000 4378.000000 4323.000000 4378.000000 4378.000000 4378.000000 4378.000000 4378.000000 4434.000000 4492.000000 4492.000000 4551.000000 4551.000000 4551.000000 4551.000000 4551.000000 2905.000000 2905.000000 2905.000000 2930.000000 2930.000000 0.000000 0.000000 0.000000 0.000000 0.000000 0.000000 0.000000 0.000000 0.000000 0.000000 0.000000 0.000000 0.000000 0.000000 0.000000 0.000000 0.000000 0.000000 0.000000 911.000000 911.000000 909.000000 909.000000 907.000000 904.000000 902.000000 902.000000 902.000000 899.000000 902.000000 902.000000 902.000000 902.000000 902.000000 902.000000 902.000000 902.000000 902.000000 899.000000 899.000000 899.000000 899.000000 899.000000 899.000000 899.000000 899.000000 902.000000 902.000000 902.000000 902.000000 904.000000 904.000000 904.000000 907.000000 907.000000 907.000000 907.000000 907.000000 907.000000 907.000000 907.000000 907.000000 907.000000 907.000000 907.000000 909.000000 909.000000 909.000000 907.000000 907.000000 907.000000 909.000000 907.000000 907.000000 909.000000 907.000000 909.000000 0.000000 0.000000 0.000000 0.000000 0.000000 0.000000 0.000000 0.000000 0.000000 0.000000 0.000000 0.000000 1191.000000 1191.000000 1191.000000 1187.000000 1183.000000 1179.000000 1175.000000 1171.000000 1171.000000 1167.000000 1167.000000 1163.000000 1163.000000 1159.000000 1159.000000 
 4323.000000 2955.000000 2930.000000 2955.000000 0.000000 0.000000 4323.000000 4378.000000 4378.000000 4378.000000 4434.000000 4434.000000 4551.000000 4551.000000 4551.000000 4551.000000 4551.000000 4492.000000 4551.000000 2905.000000 2905.000000 2905.000000 2930.000000 2930.000000 2930.000000 0.000000 0.000000 0.000000 0.000000 0.000000 0.000000 0.000000 0.000000 0.000000 0.000000 0.000000 0.000000 0.000000 0.000000 0.000000 0.000000 0.000000 0.000000 0.000000 916.000000 916.000000 911.000000 909.000000 904.000000 902.000000 899.000000 902.000000 899.000000 902.000000 902.000000 902.000000 902.000000 902.000000 902.000000 902.000000 902.000000 902.000000 902.000000 899.000000 899.000000 899.000000 899.000000 899.000000 902.000000 902.000000 902.000000 902.000000 904.000000 904.000000 904.000000 904.000000 907.000000 907.000000 907.000000 907.000000 907.000000 909.000000 909.000000 909.000000 909.000000 909.000000 909.000000 909.000000 907.000000 911.000000 911.000000 911.000000 911.000000 909.000000 909.000000 909.000000 909.000000 909.000000 909.000000 907.000000 0.000000 0.000000 0.000000 0.000000 0.000000 0.000000 0.000000 0.000000 0.000000 0.000000 0.000000 0.000000 0.000000 0.000000 0.000000 1187.000000 1187.000000 1183.000000 1179.000000 1179.000000 1171.000000 1171.000000 1167.000000 1167.000000 1163.000000 1163.000000 1159.000000 1159.000000 
 2930.000000 2930.000000 2930.000000 2930.000000 2930.000000 2930.000000 2905.000000 2905.000000 0.000000 4492.000000 4492.000000 4492.000000 4612.000000 4612.000000 2930.000000 2930.000000 2905.000000 2930.000000 2905.000000 2905.000000 2905.000000 2905.000000 2905.000000 2905.000000 2905.000000 0.000000 0.000000 0.000000 0.000000 0.000000 0.000000 0.000000 0.000000 0.000000 0.000000 0.000000 0.000000 0.000000 0.000000 0.000000 0.000000 0.000000 0.000000 0.000000 919.000000 919.000000 914.000000 909.000000 904.000000 902.000000 899.000000 902.000000 899.000000 902.000000 902.000000 902.000000 902.000000 902.000000 902.000000 902.000000 902.000000 902.000000 902.000000 902.000000 902.000000 899.000000 902.000000 899.000000 902.000000 902.000000 904.000000 902.000000 904.000000 907.000000 907.000000 907.000000 907.000000 907.000000 907.000000 909.000000 909.000000 909.000000 911.000000 909.000000 909.000000 909.000000 909.000000 909.000000 909.000000 911.000000 911.000000 911.000000 911.000000 909.000000 909.000000 911.000000 909.000000 909.000000 909.000000 909.000000 0.000000 0.000000 0.000000 0.000000 0.000000 0.000000 0.000000 0.000000 0.000000 0.000000 0.000000 0.000000 0.000000 0.000000 0.000000 0.000000 1183.000000 1183.000000 1179.000000 1179.000000 1175.000000 1171.000000 1171.000000 1167.000000 1163.000000 1163.000000 1163.000000 1159.000000 
 2905.000000 2930.000000 2930.000000 2930.000000 2930.000000 2930.000000 2905.000000 2881.000000 2905.000000 2905.000000 2905.000000 2905.000000 2905.000000 2930.000000 2930.000000 2930.000000 2905.000000 2930.000000 2905.000000 2905.000000 2905.000000 2905.000000 2905.000000 2905.000000 2905.000000 2905.000000 2881.000000 0.000000 0.000000 0.000000 0.000000 0.000000 0.000000 0.000000 0.000000 0.000000 0.000000 0.000000 0.000000 0.000000 0.000000 0.000000 0.000000 0.000000 921.000000 921.000000 919.000000 914.000000 907.000000 904.000000 902.000000 902.000000 902.000000 902.000000 902.000000 902.000000 904.000000 904.000000 904.000000 902.000000 902.000000 902.000000 902.000000 902.000000 902.000000 899.000000 902.000000 902.000000 902.000000 904.000000 904.000000 904.000000 904.000000 907.000000 907.000000 907.000000 907.000000 909.000000 909.000000 909.000000 909.000000 911.000000 911.000000 911.000000 911.000000 911.000000 911.000000 911.000000 909.000000 911.000000 911.000000 911.000000 911.000000 909.000000 911.000000 911.000000 911.000000 911.000000 911.000000 911.000000 0.000000 0.000000 0.000000 0.000000 0.000000 0.000000 0.000000 0.000000 0.000000 0.000000 0.000000 0.000000 0.000000 0.000000 0.000000 0.000000 0.000000 1183.000000 1183.000000 1183.000000 1179.000000 1171.000000 1171.000000 1167.000000 1163.000000 1163.000000 1163.000000 1159.000000 
 2930.000000 2930.000000 2930.000000 2930.000000 2930.000000 2930.000000 2905.000000 2905.000000 2905.000000 2905.000000 2930.000000 2905.000000 2930.000000 2930.000000 2930.000000 2930.000000 2905.000000 2905.000000 2905.000000 2905.000000 2905.000000 2905.000000 2905.000000 2905.000000 2905.000000 0.000000 0.000000 0.000000 0.000000 0.000000 0.000000 0.000000 0.000000 0.000000 0.000000 0.000000 0.000000 0.000000 0.000000 0.000000 0.000000 0.000000 0.000000 921.000000 921.000000 921.000000 919.000000 916.000000 914.000000 909.000000 902.000000 902.000000 902.000000 902.000000 904.000000 904.000000 904.000000 907.000000 904.000000 902.000000 902.000000 902.000000 902.000000 902.000000 902.000000 902.000000 902.000000 902.000000 904.000000 904.000000 904.000000 904.000000 904.000000 907.000000 907.000000 907.000000 907.000000 907.000000 909.000000 909.000000 909.000000 911.000000 911.000000 911.000000 914.000000 911.000000 911.000000 911.000000 911.000000 914.000000 911.000000 914.000000 911.000000 911.000000 911.000000 914.000000 911.000000 914.000000 911.000000 911.000000 0.000000 0.000000 0.000000 0.000000 0.000000 0.000000 0.000000 0.000000 0.000000 0.000000 0.000000 0.000000 0.000000 1256.000000 1256.000000 0.000000 0.000000 1243.000000 1243.000000 1179.000000 1179.000000 1171.000000 1171.000000 1167.000000 1163.000000 1163.000000 1163.000000 1159.000000 
 2930.000000 2930.000000 2930.000000 2930.000000 2930.000000 2930.000000 2905.000000 2905.000000 2905.000000 2905.000000 2930.000000 2905.000000 2930.000000 2930.000000 2930.000000 2930.000000 2905.000000 2905.000000 2905.000000 2905.000000 2905.000000 2905.000000 2905.000000 2905.000000 2905.000000 2905.000000 0.000000 0.000000 0.000000 0.000000 0.000000 0.000000 0.000000 0.000000 0.000000 0.000000 0.000000 0.000000 0.000000 0.000000 0.000000 0.000000 0.000000 921.000000 921.000000 921.000000 919.000000 919.000000 914.000000 909.000000 907.000000 904.000000 904.000000 904.000000 904.000000 904.000000 907.000000 907.000000 904.000000 902.000000 902.000000 902.000000 902.000000 902.000000 902.000000 902.000000 902.000000 902.000000 904.000000 907.000000 904.000000 904.000000 904.000000 907.000000 907.000000 907.000000 907.000000 907.000000 909.000000 909.000000 911.000000 911.000000 914.000000 911.000000 914.000000 911.000000 911.000000 911.000000 911.000000 914.000000 914.000000 914.000000 911.000000 911.000000 911.000000 914.000000 911.000000 914.000000 914.000000 911.000000 0.000000 0.000000 0.000000 0.000000 0.000000 0.000000 0.000000 0.000000 0.000000 0.000000 0.000000 0.000000 0.000000 1256.000000 1247.000000 1243.000000 1243.000000 1243.000000 1238.000000 1238.000000 1175.000000 1171.000000 1171.000000 1167.000000 1163.000000 1163.000000 1163.000000 1159.000000 
 2930.000000 2930.000000 2930.000000 2930.000000 2930.000000 2905.000000 2905.000000 2905.000000 2905.000000 2905.000000 2930.000000 2930.000000 2930.000000 2930.000000 2930.000000 2930.000000 2905.000000 2905.000000 2905.000000 2905.000000 2905.000000 2905.000000 2905.000000 2905.000000 2905.000000 0.000000 0.000000 0.000000 0.000000 0.000000 0.000000 0.000000 0.000000 0.000000 0.000000 0.000000 0.000000 0.000000 0.000000 0.000000 0.000000 0.000000 921.000000 921.000000 921.000000 921.000000 919.000000 919.000000 916.000000 911.000000 909.000000 904.000000 904.000000 904.000000 904.000000 904.000000 907.000000 907.000000 904.000000 904.000000 904.000000 904.000000 902.000000 902.000000 902.000000 902.000000 904.000000 904.000000 907.000000 907.000000 907.000000 904.000000 907.000000 907.000000 907.000000 907.000000 907.000000 909.000000 909.000000 911.000000 911.000000 914.000000 914.000000 911.000000 914.000000 911.000000 911.000000 911.000000 911.000000 914.000000 914.000000 914.000000 911.000000 911.000000 911.000000 911.000000 911.000000 911.000000 911.000000 911.000000 0.000000 0.000000 0.000000 0.000000 0.000000 0.000000 0.000000 0.000000 0.000000 0.000000 0.000000 0.000000 0.000000 1243.000000 1243.000000 1243.000000 1238.000000 1238.000000 1238.000000 1238.000000 1175.000000 1175.000000 1171.000000 1171.000000 1167.000000 1167.000000 1167.000000 1163.000000 
 2930.000000 2930.000000 2930.000000 2930.000000 2930.000000 2905.000000 2905.000000 2905.000000 2905.000000 2930.000000 2930.000000 2930.000000 2955.000000 2955.000000 2930.000000 2930.000000 2905.000000 2905.000000 2905.000000 2905.000000 2905.000000 2905.000000 2905.000000 2905.000000 2905.000000 0.000000 0.000000 0.000000 0.000000 0.000000 0.000000 0.000000 0.000000 0.000000 0.000000 0.000000 0.000000 0.000000 0.000000 0.000000 0.000000 0.000000 921.000000 921.000000 921.000000 921.000000 919.000000 919.000000 919.000000 914.000000 911.000000 907.000000 904.000000 904.000000 907.000000 904.000000 907.000000 909.000000 907.000000 904.000000 907.000000 907.000000 909.000000 904.000000 902.000000 904.000000 907.000000 907.000000 909.000000 909.000000 909.000000 907.000000 909.000000 909.000000 907.000000 909.000000 909.000000 911.000000 911.000000 911.000000 911.000000 914.000000 914.000000 911.000000 914.000000 911.000000 911.000000 911.000000 911.000000 914.000000 914.000000 914.000000 911.000000 911.000000 914.000000 914.000000 911.000000 911.000000 911.000000 911.000000 0.000000 0.000000 0.000000 0.000000 0.000000 0.000000 0.000000 0.000000 0.000000 0.000000 0.000000 0.000000 0.000000 1243.000000 1243.000000 1243.000000 1238.000000 1238.000000 1238.000000 1238.000000 1238.000000 1171.000000 1171.000000 1171.000000 1167.000000 1167.000000 1163.000000 1163.000000 
 2930.000000 2930.000000 2905.000000 2930.000000 2930.000000 2905.000000 2905.000000 2905.000000 2905.000000 2930.000000 2930.000000 2930.000000 2930.000000 2930.000000 2930.000000 2930.000000 2905.000000 2905.000000 2905.000000 2905.000000 2905.000000 2881.000000 2881.000000 2905.000000 2905.000000 0.000000 0.000000 0.000000 0.000000 0.000000 0.000000 0.000000 0.000000 0.000000 0.000000 0.000000 0.000000 0.000000 0.000000 0.000000 0.000000 0.000000 923.000000 923.000000 923.000000 921.000000 921.000000 921.000000 919.000000 919.000000 916.000000 911.000000 909.000000 911.000000 909.000000 909.000000 909.000000 911.000000 909.000000 907.000000 911.000000 911.000000 909.000000 909.000000 907.000000 0.000000 914.000000 916.000000 914.000000 911.000000 911.000000 911.000000 911.000000 911.000000 909.000000 911.000000 914.000000 914.000000 914.000000 914.000000 914.000000 914.000000 914.000000 911.000000 914.000000 911.000000 911.000000 911.000000 911.000000 914.000000 914.000000 914.000000 914.000000 914.000000 914.000000 914.000000 911.000000 914.000000 914.000000 0.000000 0.000000 0.000000 0.000000 0.000000 0.000000 0.000000 0.000000 0.000000 0.000000 0.000000 0.000000 0.000000 0.000000 0.000000 1243.000000 1243.000000 1238.000000 1238.000000 1238.000000 1238.000000 1234.000000 1234.000000 1171.000000 1171.000000 1171.000000 1167.000000 1167.000000 1163.000000 
 2930.000000 2930.000000 2905.000000 2930.000000 2930.000000 2905.000000 2905.000000 2905.000000 2905.000000 2905.000000 2930.000000 2930.000000 2930.000000 2930.000000 2930.000000 2930.000000 2905.000000 2905.000000 2905.000000 2905.000000 2905.000000 2881.000000 2881.000000 2881.000000 0.000000 0.000000 0.000000 0.000000 0.000000 0.000000 0.000000 0.000000 0.000000 0.000000 0.000000 0.000000 0.000000 0.000000 0.000000 0.000000 0.000000 0.000000 923.000000 921.000000 921.000000 921.000000 921.000000 921.000000 921.000000 919.000000 916.000000 914.000000 911.000000 916.000000 911.000000 911.000000 911.000000 909.000000 909.000000 907.000000 911.000000 911.000000 909.000000 909.000000 909.000000 921.000000 921.000000 921.000000 923.000000 919.000000 916.000000 919.000000 919.000000 914.000000 914.000000 914.000000 916.000000 916.000000 916.000000 914.000000 914.000000 914.000000 914.000000 911.000000 911.000000 911.000000 911.000000 911.000000 914.000000 916.000000 914.000000 914.000000 914.000000 914.000000 914.000000 914.000000 911.000000 911.000000 914.000000 0.000000 0.000000 0.000000 0.000000 0.000000 0.000000 0.000000 0.000000 0.000000 0.000000 0.000000 0.000000 0.000000 0.000000 0.000000 1243.000000 1243.000000 1238.000000 1238.000000 1238.000000 1234.000000 1234.000000 1234.000000 1175.000000 1175.000000 1171.000000 1171.000000 1167.000000 1167.000000 
 2930.000000 2930.000000 2930.000000 2930.000000 2930.000000 2905.000000 2905.000000 2905.000000 2905.000000 2905.000000 2930.000000 2930.000000 2930.000000 2930.000000 2930.000000 2905.000000 2905.000000 2905.000000 2905.000000 2905.000000 2905.000000 2881.000000 2881.000000 2905.000000 2905.000000 0.000000 0.000000 0.000000 0.000000 0.000000 0.000000 0.000000 0.000000 0.000000 0.000000 0.000000 0.000000 0.000000 0.000000 0.000000 0.000000 921.000000 921.000000 921.000000 921.000000 921.000000 921.000000 921.000000 921.000000 919.000000 919.000000 919.000000 916.000000 921.000000 919.000000 921.000000 914.000000 911.000000 911.000000 911.000000 919.000000 916.000000 916.000000 926.000000 926.000000 926.000000 926.000000 926.000000 926.000000 926.000000 926.000000 923.000000 923.000000 921.000000 919.000000 916.000000 919.000000 916.000000 916.000000 914.000000 911.000000 911.000000 911.000000 911.000000 911.000000 911.000000 911.000000 914.000000 911.000000 914.000000 914.000000 914.000000 914.000000 914.000000 914.000000 914.000000 911.000000 911.000000 914.000000 0.000000 0.000000 0.000000 0.000000 0.000000 0.000000 0.000000 0.000000 0.000000 0.000000 0.000000 0.000000 0.000000 0.000000 0.000000 1238.000000 1238.000000 1238.000000 1238.000000 1234.000000 1234.000000 1229.000000 1225.000000 1225.000000 1171.000000 1171.000000 1171.000000 1171.000000 1167.000000 
 2930.000000 2930.000000 2930.000000 2930.000000 2905.000000 2905.000000 2905.000000 2905.000000 2905.000000 2930.000000 2930.000000 2930.000000 2930.000000 2930.000000 2930.000000 2930.000000 2905.000000 2905.000000 2930.000000 2905.000000 2905.000000 2905.000000 2881.000000 2881.000000 2905.000000 0.000000 0.000000 0.000000 0.000000 0.000000 0.000000 0.000000 0.000000 0.000000 0.000000 0.000000 0.000000 0.000000 0.000000 0.000000 921.000000 921.000000 921.000000 921.000000 921.000000 921.000000 921.000000 921.000000 921.000000 919.000000 919.000000 919.000000 921.000000 921.000000 921.000000 921.000000 921.000000 919.000000 921.000000 923.000000 926.000000 926.000000 926.000000 928.000000 928.000000 928.000000 928.000000 928.000000 928.000000 928.000000 926.000000 926.000000 926.000000 923.000000 921.000000 919.000000 919.000000 916.000000 916.000000 914.000000 911.000000 911.000000 911.000000 911.000000 911.000000 911.000000 911.000000 911.000000 911.000000 914.000000 914.000000 914.000000 914.000000 914.000000 914.000000 914.000000 914.000000 911.000000 0.000000 0.000000 0.000000 0.000000 0.000000 0.000000 0.000000 0.000000 0.000000 0.000000 0.000000 0.000000 0.000000 0.000000 0.000000 0.000000 1238.000000 1238.000000 1238.000000 1238.000000 1238.000000 1234.000000 1229.000000 1225.000000 1225.000000 1221.000000 1175.000000 1175.000000 1175.000000 1171.000000 
 2930.000000 2930.000000 2930.000000 2905.000000 2905.000000 2905.000000 2905.000000 2905.000000 2905.000000 2905.000000 2905.000000 2930.000000 2930.000000 2930.000000 2930.000000 2930.000000 2930.000000 2905.000000 2930.000000 2905.000000 2905.000000 2881.000000 2881.000000 2881.000000 2905.000000 0.000000 0.000000 0.000000 0.000000 0.000000 0.000000 0.000000 0.000000 0.000000 0.000000 0.000000 0.000000 0.000000 0.000000 0.000000 921.000000 921.000000 921.000000 921.000000 921.000000 921.000000 921.000000 921.000000 919.000000 919.000000 919.000000 919.000000 919.000000 921.000000 921.000000 921.000000 921.000000 919.000000 921.000000 926.000000 926.000000 926.000000 928.000000 928.000000 928.000000 928.000000 928.000000 928.000000 928.000000 928.000000 928.000000 926.000000 926.000000 923.000000 921.000000 919.000000 916.000000 916.000000 916.000000 914.000000 911.000000 911.000000 911.000000 909.000000 909.000000 911.000000 911.000000 911.000000 911.000000 914.000000 914.000000 914.000000 914.000000 914.000000 914.000000 914.000000 914.000000 914.000000 0.000000 0.000000 0.000000 0.000000 0.000000 0.000000 0.000000 0.000000 0.000000 0.000000 0.000000 0.000000 0.000000 0.000000 0.000000 0.000000 1238.000000 1238.000000 1238.000000 1238.000000 1238.000000 1234.000000 1229.000000 1225.000000 1225.000000 1221.000000 1221.000000 1204.000000 1204.000000 1183.000000 
 2930.000000 2930.000000 2930.000000 2930.000000 2905.000000 2905.000000 2905.000000 2905.000000 2905.000000 2905.000000 2905.000000 2930.000000 2930.000000 2930.000000 2930.000000 2930.000000 2905.000000 2905.000000 2930.000000 2905.000000 2905.000000 2905.000000 2905.000000 2905.000000 2905.000000 0.000000 0.000000 0.000000 0.000000 0.000000 0.000000 0.000000 0.000000 0.000000 0.000000 0.000000 0.000000 0.000000 0.000000 0.000000 921.000000 921.000000 921.000000 921.000000 921.000000 921.000000 921.000000 921.000000 919.000000 919.000000 919.000000 919.000000 919.000000 919.000000 919.000000 919.000000 921.000000 919.000000 921.000000 923.000000 926.000000 926.000000 926.000000 928.000000 928.000000 928.000000 928.000000 928.000000 928.000000 928.000000 926.000000 926.000000 926.000000 923.000000 921.000000 919.000000 916.000000 916.000000 914.000000 914.000000 911.000000 911.000000 911.000000 909.000000 909.000000 911.000000 911.000000 911.000000 911.000000 914.000000 914.000000 914.000000 914.000000 914.000000 914.000000 914.000000 914.000000 0.000000 0.000000 0.000000 0.000000 0.000000 0.000000 0.000000 0.000000 0.000000 0.000000 0.000000 0.000000 0.000000 0.000000 0.000000 0.000000 0.000000 1243.000000 1243.000000 1243.000000 1243.000000 1243.000000 1238.000000 1229.000000 1225.000000 1225.000000 1221.000000 1221.000000 1212.000000 1208.000000 1204.000000 
 2930.000000 2930.000000 2930.000000 2930.000000 2905.000000 2905.000000 2905.000000 2905.000000 2905.000000 2905.000000 2905.000000 2930.000000 2930.000000 2930.000000 2930.000000 2930.000000 2930.000000 2930.000000 2930.000000 2930.000000 2905.000000 2905.000000 2905.000000 2905.000000 2905.000000 2881.000000 0.000000 0.000000 0.000000 0.000000 0.000000 0.000000 0.000000 0.000000 0.000000 0.000000 0.000000 0.000000 0.000000 0.000000 921.000000 921.000000 921.000000 921.000000 921.000000 921.000000 921.000000 919.000000 919.000000 919.000000 919.000000 916.000000 916.000000 919.000000 919.000000 919.000000 919.000000 919.000000 919.000000 921.000000 926.000000 926.000000 926.000000 928.000000 928.000000 928.000000 926.000000 926.000000 928.000000 926.000000 926.000000 923.000000 923.000000 921.000000 921.000000 919.000000 916.000000 914.000000 914.000000 911.000000 911.000000 911.000000 911.000000 911.000000 909.000000 911.000000 909.000000 911.000000 909.000000 914.000000 914.000000 914.000000 914.000000 914.000000 914.000000 914.000000 914.000000 0.000000 0.000000 0.000000 0.000000 0.000000 0.000000 0.000000 0.000000 0.000000 0.000000 0.000000 0.000000 0.000000 0.000000 0.000000 0.000000 0.000000 1243.000000 1243.000000 1243.000000 1243.000000 1243.000000 1238.000000 1234.000000 1229.000000 1225.000000 1225.000000 1221.000000 1221.000000 1216.000000 1212.000000 
 2930.000000 2930.000000 2930.000000 2930.000000 2905.000000 2905.000000 2905.000000 2905.000000 2905.000000 2905.000000 2905.000000 2930.000000 2930.000000 2930.000000 2930.000000 2930.000000 2930.000000 2930.000000 2930.000000 2930.000000 2905.000000 2905.000000 2905.000000 2905.000000 2905.000000 2905.000000 0.000000 0.000000 0.000000 0.000000 0.000000 0.000000 0.000000 0.000000 0.000000 0.000000 0.000000 0.000000 0.000000 0.000000 923.000000 921.000000 921.000000 921.000000 921.000000 921.000000 921.000000 919.000000 919.000000 916.000000 916.000000 916.000000 916.000000 916.000000 916.000000 919.000000 919.000000 919.000000 919.000000 921.000000 921.000000 923.000000 923.000000 926.000000 928.000000 926.000000 926.000000 926.000000 926.000000 926.000000 923.000000 923.000000 923.000000 921.000000 921.000000 919.000000 914.000000 914.000000 911.000000 911.000000 911.000000 911.000000 911.000000 911.000000 909.000000 911.000000 911.000000 911.000000 911.000000 914.000000 914.000000 914.000000 914.000000 914.000000 914.000000 914.000000 914.000000 0.000000 0.000000 0.000000 0.000000 0.000000 0.000000 0.000000 0.000000 0.000000 0.000000 0.000000 0.000000 0.000000 0.000000 0.000000 0.000000 1243.000000 1243.000000 1243.000000 1243.000000 1243.000000 1243.000000 1238.000000 1234.000000 1229.000000 1225.000000 1225.000000 1225.000000 1221.000000 1216.000000 1216.000000 
 2930.000000 2930.000000 2930.000000 2930.000000 2905.000000 2905.000000 2905.000000 2905.000000 2930.000000 2905.000000 2905.000000 2930.000000 2930.000000 2930.000000 2930.000000 2930.000000 2930.000000 2930.000000 2930.000000 2930.000000 2905.000000 2905.000000 2905.000000 2905.000000 2905.000000 2905.000000 0.000000 0.000000 0.000000 0.000000 0.000000 0.000000 0.000000 0.000000 0.000000 0.000000 0.000000 0.000000 0.000000 0.000000 0.000000 921.000000 921.000000 921.000000 921.000000 921.000000 919.000000 919.000000 916.000000 916.000000 916.000000 914.000000 916.000000 916.000000 916.000000 919.000000 919.000000 919.000000 919.000000 921.000000 921.000000 923.000000 926.000000 926.000000 926.000000 926.000000 926.000000 926.000000 926.000000 926.000000 923.000000 923.000000 923.000000 921.000000 919.000000 919.000000 914.000000 914.000000 911.000000 911.000000 911.000000 911.000000 911.000000 911.000000 911.000000 911.000000 911.000000 911.000000 909.000000 911.000000 914.000000 914.000000 914.000000 914.000000 914.000000 914.000000 0.000000 0.000000 0.000000 0.000000 0.000000 0.000000 0.000000 0.000000 0.000000 0.000000 0.000000 0.000000 0.000000 0.000000 0.000000 0.000000 0.000000 1247.000000 1247.000000 1243.000000 1243.000000 1243.000000 1243.000000 1238.000000 1234.000000 1229.000000 1229.000000 1225.000000 1225.000000 1225.000000 1221.000000 1216.000000 
 2930.000000 2955.000000 2930.000000 2930.000000 2930.000000 2930.000000 2930.000000 2930.000000 2930.000000 2905.000000 2905.000000 2930.000000 2930.000000 2930.000000 2930.000000 2930.000000 2930.000000 2930.000000 2930.000000 2930.000000 2905.000000 2905.000000 2905.000000 2905.000000 2905.000000 2881.000000 0.000000 0.000000 0.000000 0.000000 0.000000 0.000000 0.000000 0.000000 0.000000 0.000000 0.000000 0.000000 0.000000 0.000000 0.000000 921.000000 921.000000 921.000000 921.000000 921.000000 919.000000 919.000000 916.000000 916.000000 914.000000 914.000000 914.000000 916.000000 916.000000 916.000000 916.000000 916.000000 919.000000 919.000000 921.000000 921.000000 923.000000 926.000000 926.000000 926.000000 926.000000 926.000000 926.000000 923.000000 923.000000 923.000000 923.000000 921.000000 919.000000 916.000000 914.000000 911.000000 911.000000 911.000000 911.000000 909.000000 911.000000 909.000000 911.000000 911.000000 911.000000 911.000000 909.000000 911.000000 914.000000 914.000000 914.000000 914.000000 914.000000 914.000000 0.000000 0.000000 0.000000 0.000000 0.000000 0.000000 0.000000 0.000000 0.000000 0.000000 0.000000 0.000000 0.000000 0.000000 0.000000 0.000000 0.000000 1252.000000 1247.000000 1247.000000 1247.000000 1243.000000 1243.000000 1238.000000 1238.000000 1234.000000 1234.000000 1229.000000 1225.000000 1225.000000 1221.000000 1216.000000 
 2930.000000 2930.000000 2930.000000 2930.000000 2930.000000 2930.000000 2930.000000 2930.000000 2930.000000 2905.000000 2905.000000 2930.000000 2930.000000 2930.000000 2930.000000 2930.000000 2930.000000 2930.000000 2930.000000 2930.000000 2905.000000 2905.000000 2905.000000 2905.000000 2905.000000 2881.000000 0.000000 0.000000 0.000000 0.000000 0.000000 0.000000 0.000000 0.000000 0.000000 0.000000 0.000000 0.000000 0.000000 0.000000 0.000000 921.000000 921.000000 921.000000 921.000000 921.000000 919.000000 919.000000 919.000000 916.000000 916.000000 914.000000 914.000000 916.000000 916.000000 916.000000 916.000000 916.000000 916.000000 919.000000 919.000000 921.000000 921.000000 921.000000 923.000000 923.000000 923.000000 926.000000 923.000000 923.000000 923.000000 923.000000 921.000000 921.000000 919.000000 916.000000 914.000000 911.000000 911.000000 911.000000 911.000000 909.000000 911.000000 911.000000 911.000000 911.000000 911.000000 911.000000 911.000000 914.000000 914.000000 914.000000 914.000000 914.000000 914.000000 0.000000 0.000000 0.000000 0.000000 0.000000 0.000000 0.000000 0.000000 0.000000 0.000000 0.000000 0.000000 0.000000 0.000000 0.000000 0.000000 0.000000 1256.000000 1252.000000 1252.000000 1247.000000 1247.000000 1247.000000 1243.000000 1243.000000 1238.000000 1238.000000 1234.000000 1229.000000 1225.000000 1225.000000 1221.000000 1221.000000 
 2930.000000 2930.000000 2930.000000 2930.000000 2930.000000 2930.000000 2930.000000 2930.000000 2930.000000 2905.000000 2905.000000 2930.000000 2930.000000 2930.000000 2930.000000 2930.000000 2930.000000 2930.000000 2930.000000 2930.000000 2905.000000 2905.000000 2905.000000 2905.000000 2905.000000 2881.000000 0.000000 0.000000 0.000000 0.000000 0.000000 0.000000 0.000000 0.000000 0.000000 0.000000 0.000000 0.000000 0.000000 0.000000 0.000000 0.000000 0.000000 0.000000 921.000000 921.000000 919.000000 919.000000 916.000000 916.000000 916.000000 916.000000 916.000000 916.000000 916.000000 916.000000 916.000000 916.000000 916.000000 919.000000 919.000000 921.000000 921.000000 921.000000 923.000000 923.000000 923.000000 923.000000 926.000000 923.000000 923.000000 921.000000 921.000000 919.000000 916.000000 914.000000 911.000000 911.000000 911.000000 911.000000 909.000000 909.000000 909.000000 909.000000 911.000000 911.000000 911.000000 911.000000 911.000000 914.000000 914.000000 916.000000 914.000000 914.000000 916.000000 0.000000 0.000000 0.000000 0.000000 0.000000 0.000000 0.000000 0.000000 0.000000 0.000000 0.000000 0.000000 0.000000 0.000000 0.000000 0.000000 0.000000 1256.000000 1256.000000 1252.000000 1252.000000 1247.000000 1247.000000 1243.000000 1243.000000 1238.000000 1238.000000 1238.000000 1229.000000 1229.000000 1225.000000 1225.000000 1221.000000 
 2930.000000 2955.000000 2930.000000 2930.000000 2930.000000 2930.000000 2930.000000 2930.000000 2930.000000 2930.000000 2905.000000 2930.000000 2930.000000 2930.000000 2930.000000 2930.000000 2930.000000 2930.000000 2930.000000 2930.000000 2905.000000 2905.000000 2905.000000 2905.000000 2905.000000 2905.000000 0.000000 0.000000 0.000000 0.000000 0.000000 0.000000 0.000000 0.000000 0.000000 0.000000 0.000000 0.000000 0.000000 0.000000 0.000000 0.000000 0.000000 921.000000 921.000000 921.000000 919.000000 919.000000 916.000000 916.000000 916.000000 914.000000 916.000000 916.000000 914.000000 916.000000 914.000000 916.000000 916.000000 916.000000 919.000000 919.000000 921.000000 921.000000 921.000000 921.000000 921.000000 921.000000 921.000000 921.000000 921.000000 921.000000 919.000000 919.000000 916.000000 914.000000 914.000000 911.000000 911.000000 911.000000 909.000000 909.000000 909.000000 911.000000 911.000000 911.000000 911.000000 911.000000 911.000000 916.000000 916.000000 914.000000 914.000000 916.000000 916.000000 0.000000 0.000000 0.000000 0.000000 0.000000 0.000000 0.000000 0.000000 0.000000 0.000000 0.000000 0.000000 0.000000 0.000000 0.000000 0.000000 0.000000 0.000000 1256.000000 1256.000000 1252.000000 1247.000000 1247.000000 1243.000000 1243.000000 1238.000000 1238.000000 1238.000000 1234.000000 1229.000000 1225.000000 1225.000000 1221.000000 
 2930.000000 2930.000000 2930.000000 2930.000000 2930.000000 2930.000000 2930.000000 2930.000000 2930.000000 2930.000000 2930.000000 2955.000000 2930.000000 2930.000000 2930.000000 2930.000000 2930.000000 2930.000000 2930.000000 2930.000000 2905.000000 2905.000000 2905.000000 2905.000000 2905.000000 2881.000000 2881.000000 0.000000 0.000000 0.000000 0.000000 0.000000 0.000000 0.000000 0.000000 0.000000 0.000000 0.000000 0.000000 0.000000 0.000000 0.000000 0.000000 0.000000 921.000000 921.000000 919.000000 919.000000 916.000000 916.000000 916.000000 914.000000 916.000000 916.000000 916.000000 916.000000 916.000000 916.000000 916.000000 919.000000 916.000000 919.000000 919.000000 919.000000 921.000000 921.000000 921.000000 921.000000 921.000000 921.000000 921.000000 921.000000 919.000000 919.000000 916.000000 916.000000 914.000000 911.000000 911.000000 911.000000 911.000000 911.000000 911.000000 911.000000 911.000000 911.000000 911.000000 911.000000 911.000000 914.000000 916.000000 914.000000 914.000000 916.000000 916.000000 0.000000 0.000000 0.000000 0.000000 0.000000 0.000000 0.000000 0.000000 0.000000 0.000000 0.000000 0.000000 0.000000 0.000000 0.000000 0.000000 0.000000 0.000000 1261.000000 1261.000000 1252.000000 1247.000000 1247.000000 1243.000000 1243.000000 1238.000000 1238.000000 1238.000000 1234.000000 1229.000000 1225.000000 1225.000000 1221.000000 
 2930.000000 2930.000000 2930.000000 2930.000000 2930.000000 2930.000000 2930.000000 2930.000000 2930.000000 2930.000000 2930.000000 2955.000000 2930.000000 2930.000000 2930.000000 2930.000000 2930.000000 2930.000000 2930.000000 2905.000000 2905.000000 2905.000000 2930.000000 2905.000000 2905.000000 2905.000000 0.000000 0.000000 0.000000 0.000000 0.000000 0.000000 0.000000 0.000000 0.000000 0.000000 0.000000 0.000000 0.000000 0.000000 0.000000 0.000000 0.000000 0.000000 921.000000 921.000000 919.000000 919.000000 919.000000 916.000000 916.000000 916.000000 916.000000 916.000000 916.000000 916.000000 916.000000 916.000000 919.000000 919.000000 919.000000 919.000000 919.000000 919.000000 921.000000 921.000000 921.000000 921.000000 921.000000 921.000000 923.000000 921.000000 919.000000 919.000000 916.000000 916.000000 914.000000 911.000000 911.000000 911.000000 911.000000 911.000000 911.000000 911.000000 911.000000 911.000000 911.000000 914.000000 911.000000 914.000000 916.000000 914.000000 914.000000 916.000000 0.000000 0.000000 0.000000 0.000000 0.000000 0.000000 0.000000 0.000000 0.000000 0.000000 0.000000 0.000000 0.000000 0.000000 0.000000 0.000000 0.000000 0.000000 0.000000 1265.000000 1261.000000 1252.000000 1247.000000 1247.000000 1243.000000 1243.000000 1238.000000 1238.000000 1238.000000 1234.000000 1234.000000 1229.000000 1225.000000 1221.000000 
 2930.000000 2930.000000 2930.000000 2930.000000 2930.000000 2930.000000 2930.000000 2930.000000 2930.000000 2905.000000 2930.000000 2955.000000 2955.000000 2930.000000 2930.000000 2930.000000 2930.000000 2930.000000 2905.000000 2905.000000 2905.000000 2905.000000 2930.000000 2905.000000 2930.000000 2905.000000 2905.000000 0.000000 0.000000 0.000000 0.000000 0.000000 0.000000 0.000000 0.000000 0.000000 0.000000 0.000000 0.000000 0.000000 0.000000 0.000000 0.000000 0.000000 0.000000 921.000000 921.000000 921.000000 919.000000 919.000000 916.000000 916.000000 919.000000 919.000000 916.000000 919.000000 916.000000 916.000000 919.000000 916.000000 919.000000 919.000000 919.000000 919.000000 919.000000 919.000000 921.000000 921.000000 921.000000 921.000000 921.000000 921.000000 919.000000 919.000000 916.000000 916.000000 914.000000 911.000000 911.000000 911.000000 911.000000 911.000000 911.000000 911.000000 911.000000 911.000000 914.000000 914.000000 914.000000 916.000000 916.000000 916.000000 916.000000 0.000000 0.000000 0.000000 0.000000 0.000000 0.000000 0.000000 0.000000 0.000000 0.000000 0.000000 0.000000 0.000000 0.000000 0.000000 0.000000 0.000000 0.000000 0.000000 1280.000000 1270.000000 1261.000000 1252.000000 1247.000000 1247.000000 1243.000000 1243.000000 1238.000000 1238.000000 1238.000000 1234.000000 1234.000000 1229.000000 1229.000000 1225.000000 
 2930.000000 2930.000000 2930.000000 2930.000000 2930.000000 2930.000000 2930.000000 2930.000000 2905.000000 2905.000000 2930.000000 2955.000000 2955.000000 2930.000000 2930.000000 2930.000000 2930.000000 2930.000000 2930.000000 2930.000000 2930.000000 2930.000000 2930.000000 2930.000000 2930.000000 2930.000000 2905.000000 2905.000000 0.000000 0.000000 0.000000 0.000000 0.000000 0.000000 0.000000 0.000000 0.000000 0.000000 0.000000 0.000000 0.000000 0.000000 0.000000 0.000000 0.000000 921.000000 921.000000 921.000000 921.000000 919.000000 919.000000 919.000000 919.000000 919.000000 919.000000 919.000000 919.000000 919.000000 919.000000 919.000000 919.000000 919.000000 919.000000 919.000000 919.000000 919.000000 921.000000 921.000000 921.000000 921.000000 921.000000 921.000000 919.000000 919.000000 916.000000 916.000000 914.000000 911.000000 911.000000 911.000000 911.000000 911.000000 911.000000 911.000000 911.000000 911.000000 914.000000 916.000000 914.000000 919.000000 919.000000 919.000000 919.000000 0.000000 0.000000 0.000000 0.000000 0.000000 0.000000 0.000000 0.000000 0.000000 0.000000 0.000000 0.000000 0.000000 0.000000 0.000000 0.000000 0.000000 1294.000000 1284.000000 1280.000000 1270.000000 1261.000000 1252.000000 1247.000000 1247.000000 1243.000000 1243.000000 1238.000000 1238.000000 1238.000000 1234.000000 1229.000000 1229.000000 1225.000000 1225.000000 
 2930.000000 2930.000000 2930.000000 2930.000000 2930.000000 2930.000000 2930.000000 2930.000000 2930.000000 2905.000000 2930.000000 2955.000000 2955.000000 2930.000000 2930.000000 2930.000000 2930.000000 2930.000000 2930.000000 2930.000000 2930.000000 2930.000000 2930.000000 2930.000000 2930.000000 2930.000000 2930.000000 2905.000000 0.000000 0.000000 0.000000 0.000000 0.000000 0.000000 0.000000 0.000000 0.000000 0.000000 0.000000 0.000000 0.000000 0.000000 0.000000 0.000000 0.000000 921.000000 921.000000 921.000000 921.000000 921.000000 919.000000 919.000000 919.000000 919.000000 919.000000 919.000000 919.000000 919.000000 919.000000 919.000000 919.000000 919.000000 919.000000 919.000000 919.000000 919.000000 921.000000 921.000000 921.000000 921.000000 921.000000 921.000000 919.000000 919.000000 916.000000 916.000000 914.000000 911.000000 911.000000 911.000000 911.000000 911.000000 911.000000 911.000000 911.000000 911.000000 914.000000 916.000000 914.000000 916.000000 919.000000 919.000000 0.000000 0.000000 0.000000 0.000000 0.000000 0.000000 0.000000 0.000000 0.000000 0.000000 0.000000 0.000000 0.000000 0.000000 0.000000 0.000000 1294.000000 1294.000000 1289.000000 1284.000000 1280.000000 1265.000000 1261.000000 1256.000000 1252.000000 1247.000000 1243.000000 1243.000000 1238.000000 1238.000000 1238.000000 1234.000000 1229.000000 1229.000000 1225.000000 1225.000000 
 2955.000000 2955.000000 2930.000000 2930.000000 2930.000000 2930.000000 2930.000000 2930.000000 2930.000000 2930.000000 2930.000000 2955.000000 2955.000000 2930.000000 2930.000000 2930.000000 2930.000000 2930.000000 2930.000000 2930.000000 2930.000000 2955.000000 2955.000000 2930.000000 2930.000000 2930.000000 2930.000000 2905.000000 2905.000000 0.000000 0.000000 0.000000 0.000000 0.000000 0.000000 0.000000 0.000000 0.000000 0.000000 0.000000 0.000000 0.000000 0.000000 0.000000 0.000000 0.000000 921.000000 921.000000 921.000000 921.000000 919.000000 919.000000 919.000000 919.000000 919.000000 919.000000 916.000000 919.000000 919.000000 919.000000 916.000000 916.000000 919.000000 919.000000 919.000000 919.000000 919.000000 921.000000 921.000000 921.000000 921.000000 921.000000 921.000000 919.000000 919.000000 916.000000 916.000000 914.000000 914.000000 914.000000 914.000000 914.000000 911.000000 911.000000 914.000000 916.000000 916.000000 919.000000 916.000000 919.000000 921.000000 921.000000 0.000000 0.000000 0.000000 0.000000 0.000000 0.000000 0.000000 0.000000 0.000000 0.000000 0.000000 0.000000 0.000000 0.000000 0.000000 0.000000 1294.000000 1294.000000 1289.000000 1284.000000 1280.000000 1265.000000 1261.000000 1256.000000 1252.000000 1252.000000 1247.000000 1243.000000 1238.000000 1238.000000 1238.000000 1234.000000 1234.000000 1229.000000 1229.000000 1225.000000 
 2955.000000 2955.000000 2930.000000 2930.000000 2930.000000 2930.000000 2930.000000 2930.000000 2930.000000 2930.000000 2930.000000 2955.000000 2955.000000 2930.000000 2930.000000 2930.000000 2930.000000 2930.000000 2930.000000 2930.000000 2955.000000 2955.000000 2955.000000 2955.000000 2930.000000 2930.000000 2930.000000 2905.000000 2905.000000 0.000000 0.000000 0.000000 0.000000 0.000000 0.000000 0.000000 0.000000 0.000000 0.000000 0.000000 0.000000 0.000000 0.000000 0.000000 0.000000 0.000000 0.000000 923.000000 921.000000 921.000000 921.000000 919.000000 919.000000 919.000000 919.000000 919.000000 919.000000 919.000000 919.000000 916.000000 916.000000 916.000000 916.000000 916.000000 919.000000 919.000000 919.000000 921.000000 921.000000 921.000000 921.000000 921.000000 919.000000 919.000000 919.000000 916.000000 919.000000 914.000000 914.000000 914.000000 914.000000 916.000000 914.000000 914.000000 916.000000 916.000000 919.000000 919.000000 916.000000 919.000000 919.000000 919.000000 0.000000 0.000000 0.000000 0.000000 0.000000 0.000000 0.000000 0.000000 0.000000 0.000000 0.000000 0.000000 0.000000 0.000000 0.000000 1294.000000 1294.000000 1289.000000 1284.000000 1280.000000 1275.000000 1265.000000 1261.000000 1256.000000 1256.000000 1252.000000 1247.000000 1243.000000 1238.000000 1238.000000 1238.000000 1238.000000 1234.000000 1234.000000 1229.000000 1225.000000 
 2955.000000 2955.000000 2930.000000 2930.000000 2930.000000 2930.000000 2930.000000 2930.000000 2930.000000 2905.000000 2930.000000 2955.000000 2955.000000 2955.000000 2955.000000 2930.000000 2930.000000 2930.000000 2930.000000 2930.000000 2955.000000 2955.000000 2955.000000 2955.000000 2930.000000 2930.000000 2930.000000 2905.000000 2905.000000 2930.000000 0.000000 0.000000 0.000000 0.000000 0.000000 0.000000 0.000000 0.000000 0.000000 0.000000 0.000000 0.000000 0.000000 0.000000 0.000000 0.000000 0.000000 926.000000 923.000000 921.000000 921.000000 919.000000 919.000000 916.000000 919.000000 919.000000 919.000000 919.000000 919.000000 919.000000 916.000000 916.000000 916.000000 916.000000 916.000000 919.000000 919.000000 921.000000 921.000000 921.000000 921.000000 921.000000 921.000000 919.000000 919.000000 919.000000 919.000000 914.000000 914.000000 914.000000 914.000000 916.000000 916.000000 916.000000 919.000000 919.000000 919.000000 919.000000 919.000000 923.000000 923.000000 923.000000 0.000000 0.000000 0.000000 0.000000 0.000000 0.000000 0.000000 0.000000 0.000000 0.000000 0.000000 0.000000 0.000000 1299.000000 1299.000000 1294.000000 1289.000000 1284.000000 1284.000000 1280.000000 1275.000000 1261.000000 1261.000000 1256.000000 1256.000000 1252.000000 1247.000000 1243.000000 1238.000000 1238.000000 1238.000000 1238.000000 1234.000000 1234.000000 1229.000000 1229.000000 
 2955.000000 2955.000000 2930.000000 2930.000000 2930.000000 2930.000000 2930.000000 2930.000000 2930.000000 2930.000000 2930.000000 2955.000000 2955.000000 2955.000000 2955.000000 2955.000000 2955.000000 2930.000000 2930.000000 2930.000000 2955.000000 2955.000000 2955.000000 2955.000000 2930.000000 2955.000000 2930.000000 2930.000000 2930.000000 2930.000000 0.000000 0.000000 0.000000 0.000000 0.000000 0.000000 0.000000 0.000000 0.000000 0.000000 0.000000 0.000000 0.000000 0.000000 0.000000 0.000000 0.000000 0.000000 923.000000 921.000000 921.000000 919.000000 919.000000 919.000000 919.000000 919.000000 919.000000 919.000000 919.000000 919.000000 919.000000 916.000000 916.000000 916.000000 916.000000 919.000000 919.000000 919.000000 921.000000 921.000000 921.000000 921.000000 919.000000 919.000000 919.000000 916.000000 916.000000 914.000000 914.000000 916.000000 914.000000 916.000000 916.000000 919.000000 921.000000 921.000000 921.000000 921.000000 923.000000 928.000000 0.000000 0.000000 0.000000 0.000000 0.000000 0.000000 0.000000 0.000000 0.000000 0.000000 0.000000 0.000000 0.000000 0.000000 1299.000000 1299.000000 1294.000000 1289.000000 1289.000000 1284.000000 1284.000000 1280.000000 1275.000000 1261.000000 1256.000000 1256.000000 1256.000000 1252.000000 1252.000000 1247.000000 1243.000000 1243.000000 1238.000000 1238.000000 1234.000000 1234.000000 1229.000000 1229.000000 
 2955.000000 2955.000000 2955.000000 2955.000000 2955.000000 2955.000000 2930.000000 2930.000000 2930.000000 2930.000000 2930.000000 2955.000000 2955.000000 2955.000000 2955.000000 2955.000000 2955.000000 2955.000000 2930.000000 2955.000000 2955.000000 2955.000000 2955.000000 2955.000000 2955.000000 2930.000000 2930.000000 2905.000000 2905.000000 2905.000000 2905.000000 0.000000 0.000000 0.000000 0.000000 0.000000 0.000000 0.000000 0.000000 0.000000 0.000000 0.000000 0.000000 0.000000 0.000000 0.000000 0.000000 0.000000 0.000000 923.000000 923.000000 921.000000 919.000000 919.000000 919.000000 919.000000 919.000000 919.000000 919.000000 919.000000 919.000000 916.000000 916.000000 916.000000 916.000000 916.000000 919.000000 919.000000 921.000000 921.000000 921.000000 921.000000 919.000000 919.000000 919.000000 919.000000 919.000000 916.000000 916.000000 916.000000 919.000000 919.000000 919.000000 921.000000 921.000000 921.000000 921.000000 923.000000 923.000000 928.000000 0.000000 0.000000 0.000000 0.000000 0.000000 0.000000 0.000000 0.000000 0.000000 0.000000 0.000000 0.000000 0.000000 1299.000000 1299.000000 1299.000000 1294.000000 1289.000000 1284.000000 1284.000000 1280.000000 1280.000000 1275.000000 1261.000000 1256.000000 1256.000000 1256.000000 1252.000000 1252.000000 1247.000000 1243.000000 1243.000000 1238.000000 1238.000000 1234.000000 1234.000000 1234.000000 1229.000000 
 2955.000000 2955.000000 2955.000000 2955.000000 2955.000000 2955.000000 2955.000000 2930.000000 2930.000000 2930.000000 2930.000000 2955.000000 2955.000000 2955.000000 2955.000000 2955.000000 2955.000000 2955.000000 2955.000000 2955.000000 2955.000000 2955.000000 2955.000000 2955.000000 2955.000000 2930.000000 2930.000000 2905.000000 2905.000000 2930.000000 2905.000000 0.000000 0.000000 0.000000 0.000000 0.000000 0.000000 0.000000 0.000000 0.000000 0.000000 0.000000 0.000000 0.000000 0.000000 0.000000 0.000000 0.000000 0.000000 926.000000 923.000000 921.000000 921.000000 919.000000 919.000000 921.000000 919.000000 919.000000 919.000000 919.000000 916.000000 916.000000 916.000000 916.000000 914.000000 914.000000 916.000000 919.000000 919.000000 921.000000 921.000000 921.000000 921.000000 919.000000 919.000000 919.000000 919.000000 916.000000 916.000000 919.000000 919.000000 921.000000 921.000000 921.000000 923.000000 923.000000 923.000000 923.000000 926.000000 928.000000 0.000000 0.000000 0.000000 0.000000 0.000000 0.000000 0.000000 0.000000 0.000000 0.000000 0.000000 0.000000 0.000000 1304.000000 1299.000000 1299.000000 1294.000000 1289.000000 1284.000000 1284.000000 1280.000000 1280.000000 1275.000000 1261.000000 1256.000000 1256.000000 1256.000000 1252.000000 1252.000000 1247.000000 1243.000000 1243.000000 1238.000000 1238.000000 1238.000000 1234.000000 1234.000000 1234.000000 
 2955.000000 2955.000000 2955.000000 2955.000000 2930.000000 2930.000000 2930.000000 2930.000000 2930.000000 2930.000000 2930.000000 2955.000000 2955.000000 2955.000000 2955.000000 2980.000000 2955.000000 2955.000000 2955.000000 2955.000000 2955.000000 2955.000000 2955.000000 2955.000000 2955.000000 2955.000000 2955.000000 2930.000000 2905.000000 2930.000000 2930.000000 0.000000 0.000000 0.000000 0.000000 0.000000 0.000000 0.000000 0.000000 0.000000 0.000000 0.000000 0.000000 0.000000 0.000000 0.000000 0.000000 0.000000 0.000000 0.000000 923.000000 923.000000 921.000000 921.000000 919.000000 921.000000 919.000000 919.000000 919.000000 919.000000 919.000000 916.000000 916.000000 916.000000 916.000000 914.000000 916.000000 919.000000 919.000000 919.000000 921.000000 921.000000 921.000000 921.000000 919.000000 919.000000 921.000000 919.000000 919.000000 921.000000 921.000000 923.000000 923.000000 926.000000 926.000000 926.000000 923.000000 926.000000 926.000000 928.000000 0.000000 0.000000 0.000000 0.000000 0.000000 0.000000 0.000000 0.000000 0.000000 0.000000 1314.000000 1299.000000 1299.000000 1304.000000 1299.000000 1294.000000 1294.000000 1289.000000 1284.000000 1284.000000 1280.000000 1280.000000 1275.000000 1261.000000 1256.000000 1256.000000 1256.000000 1252.000000 1252.000000 1247.000000 1243.000000 1243.000000 1238.000000 1238.000000 1238.000000 1238.000000 1234.000000 1234.000000 
 2955.000000 2955.000000 2955.000000 2930.000000 2930.000000 2930.000000 2930.000000 2930.000000 2930.000000 2930.000000 2930.000000 2955.000000 2955.000000 2955.000000 2955.000000 2955.000000 2955.000000 2955.000000 2955.000000 2955.000000 2955.000000 2955.000000 2955.000000 2955.000000 2955.000000 2955.000000 2955.000000 2930.000000 2930.000000 2930.000000 2930.000000 0.000000 0.000000 0.000000 0.000000 0.000000 0.000000 0.000000 0.000000 0.000000 0.000000 0.000000 0.000000 0.000000 0.000000 0.000000 0.000000 0.000000 0.000000 0.000000 926.000000 926.000000 921.000000 921.000000 921.000000 921.000000 921.000000 921.000000 921.000000 921.000000 919.000000 919.000000 916.000000 916.000000 916.000000 916.000000 919.000000 919.000000 919.000000 921.000000 921.000000 921.000000 921.000000 921.000000 921.000000 921.000000 921.000000 921.000000 923.000000 923.000000 926.000000 926.000000 926.000000 926.000000 926.000000 926.000000 926.000000 926.000000 926.000000 928.000000 0.000000 0.000000 0.000000 0.000000 0.000000 0.000000 1334.000000 1334.000000 1329.000000 1319.000000 1309.000000 1299.000000 1304.000000 1299.000000 1299.000000 1294.000000 1294.000000 1289.000000 1284.000000 1284.000000 1280.000000 1280.000000 1275.000000 1261.000000 1261.000000 1256.000000 1256.000000 1252.000000 1252.000000 1247.000000 1243.000000 1243.000000 1243.000000 1238.000000 1238.000000 1238.000000 1234.000000 1234.000000 
 2955.000000 2955.000000 2955.000000 2955.000000 2955.000000 2930.000000 2930.000000 2930.000000 2930.000000 2930.000000 2930.000000 2955.000000 2955.000000 2955.000000 2955.000000 2955.000000 2955.000000 2955.000000 2955.000000 2955.000000 2955.000000 2955.000000 2955.000000 2955.000000 2955.000000 2955.000000 2955.000000 2930.000000 2930.000000 2930.000000 2930.000000 0.000000 0.000000 0.000000 0.000000 0.000000 0.000000 0.000000 0.000000 0.000000 0.000000 0.000000 0.000000 0.000000 0.000000 0.000000 0.000000 0.000000 0.000000 0.000000 931.000000 926.000000 923.000000 921.000000 921.000000 921.000000 921.000000 921.000000 921.000000 919.000000 921.000000 919.000000 919.000000 916.000000 916.000000 919.000000 919.000000 919.000000 919.000000 921.000000 921.000000 921.000000 921.000000 921.000000 921.000000 923.000000 923.000000 923.000000 926.000000 923.000000 926.000000 926.000000 926.000000 926.000000 926.000000 926.000000 926.000000 926.000000 928.000000 928.000000 0.000000 0.000000 0.000000 0.000000 0.000000 1324.000000 1324.000000 1324.000000 1319.000000 1314.000000 1304.000000 1299.000000 1299.000000 1299.000000 1294.000000 1294.000000 1294.000000 1289.000000 1284.000000 1280.000000 1280.000000 1275.000000 1275.000000 1261.000000 1261.000000 1256.000000 1256.000000 1256.000000 1252.000000 1247.000000 1243.000000 1243.000000 1243.000000 1238.000000 1238.000000 1238.000000 1238.000000 1238.000000 
 2955.000000 2955.000000 2955.000000 2955.000000 2955.000000 2955.000000 2955.000000 2955.000000 2930.000000 2930.000000 2930.000000 2955.000000 2955.000000 2955.000000 2955.000000 2980.000000 2955.000000 2955.000000 2955.000000 2955.000000 2955.000000 2955.000000 2955.000000 2955.000000 2955.000000 2955.000000 2955.000000 2930.000000 2905.000000 2930.000000 2930.000000 0.000000 0.000000 0.000000 0.000000 0.000000 0.000000 0.000000 0.000000 0.000000 0.000000 0.000000 0.000000 0.000000 0.000000 0.000000 0.000000 0.000000 939.000000 936.000000 928.000000 928.000000 923.000000 923.000000 921.000000 921.000000 921.000000 921.000000 921.000000 921.000000 921.000000 919.000000 919.000000 919.000000 919.000000 919.000000 921.000000 921.000000 921.000000 921.000000 921.000000 921.000000 921.000000 923.000000 923.000000 923.000000 926.000000 923.000000 926.000000 928.000000 926.000000 928.000000 928.000000 928.000000 928.000000 926.000000 926.000000 926.000000 928.000000 928.000000 0.000000 0.000000 0.000000 0.000000 0.000000 1324.000000 1319.000000 1319.000000 1319.000000 1314.000000 1304.000000 1299.000000 1299.000000 1299.000000 1294.000000 1294.000000 1289.000000 1284.000000 1284.000000 1280.000000 1280.000000 1275.000000 1270.000000 1265.000000 1261.000000 1256.000000 1256.000000 1256.000000 1256.000000 1252.000000 1247.000000 1243.000000 1243.000000 1238.000000 1238.000000 1238.000000 1238.000000 1238.000000 
 2955.000000 2955.000000 2955.000000 2955.000000 2955.000000 2930.000000 2955.000000 2955.000000 2930.000000 2930.000000 2930.000000 2955.000000 2955.000000 2955.000000 2955.000000 2955.000000 2955.000000 2955.000000 2955.000000 2955.000000 2955.000000 2955.000000 2955.000000 2955.000000 2955.000000 2955.000000 2955.000000 2930.000000 2905.000000 2905.000000 2905.000000 0.000000 0.000000 0.000000 0.000000 0.000000 0.000000 0.000000 0.000000 0.000000 0.000000 0.000000 0.000000 0.000000 0.000000 0.000000 0.000000 0.000000 939.000000 939.000000 931.000000 931.000000 928.000000 926.000000 923.000000 921.000000 921.000000 921.000000 921.000000 921.000000 921.000000 919.000000 921.000000 921.000000 921.000000 923.000000 923.000000 923.000000 923.000000 923.000000 923.000000 923.000000 923.000000 923.000000 926.000000 928.000000 928.000000 928.000000 928.000000 928.000000 928.000000 928.000000 928.000000 928.000000 928.000000 928.000000 926.000000 928.000000 928.000000 0.000000 0.000000 0.000000 0.000000 1314.000000 1314.000000 1319.000000 1314.000000 1314.000000 1309.000000 1309.000000 1299.000000 1294.000000 1294.000000 1294.000000 1294.000000 1289.000000 1289.000000 1284.000000 1280.000000 1280.000000 1275.000000 1275.000000 1270.000000 1265.000000 1261.000000 1261.000000 1256.000000 1256.000000 1256.000000 1252.000000 1252.000000 1247.000000 1243.000000 1243.000000 1238.000000 1238.000000 1238.000000 1238.000000 
 2955.000000 2955.000000 2955.000000 2955.000000 2930.000000 2955.000000 2955.000000 2955.000000 2955.000000 2930.000000 2930.000000 2980.000000 2955.000000 2955.000000 2955.000000 2955.000000 2955.000000 2955.000000 2955.000000 2955.000000 2955.000000 2955.000000 2955.000000 2955.000000 2955.000000 2955.000000 2955.000000 2930.000000 2905.000000 2930.000000 2930.000000 0.000000 0.000000 0.000000 0.000000 0.000000 0.000000 0.000000 0.000000 0.000000 0.000000 0.000000 0.000000 0.000000 0.000000 0.000000 0.000000 941.000000 939.000000 939.000000 939.000000 931.000000 931.000000 926.000000 926.000000 923.000000 923.000000 921.000000 921.000000 921.000000 921.000000 921.000000 921.000000 921.000000 923.000000 926.000000 926.000000 923.000000 926.000000 926.000000 926.000000 926.000000 926.000000 928.000000 928.000000 928.000000 931.000000 931.000000 931.000000 931.000000 931.000000 931.000000 931.000000 928.000000 931.000000 928.000000 0.000000 0.000000 0.000000 0.000000 0.000000 1309.000000 1314.000000 1314.000000 1314.000000 1314.000000 1309.000000 1304.000000 1304.000000 1294.000000 1294.000000 1289.000000 1289.000000 1289.000000 1284.000000 1284.000000 1284.000000 1280.000000 1280.000000 1275.000000 1275.000000 1270.000000 1270.000000 1261.000000 1261.000000 1261.000000 1261.000000 1256.000000 1256.000000 1256.000000 1252.000000 1247.000000 1243.000000 1243.000000 1243.000000 1238.000000 1238.000000 1238.000000 
 2955.000000 2930.000000 2955.000000 2930.000000 2955.000000 2955.000000 2955.000000 2955.000000 2955.000000 2930.000000 2955.000000 2955.000000 2955.000000 2955.000000 2955.000000 2955.000000 2955.000000 2955.000000 2955.000000 2930.000000 2955.000000 2955.000000 2955.000000 2930.000000 2955.000000 2930.000000 2930.000000 2930.000000 2905.000000 2930.000000 0.000000 0.000000 0.000000 0.000000 0.000000 0.000000 0.000000 0.000000 0.000000 0.000000 0.000000 0.000000 0.000000 0.000000 0.000000 0.000000 0.000000 941.000000 941.000000 939.000000 933.000000 933.000000 931.000000 928.000000 928.000000 926.000000 926.000000 923.000000 923.000000 923.000000 921.000000 921.000000 921.000000 921.000000 923.000000 926.000000 926.000000 926.000000 926.000000 926.000000 926.000000 926.000000 928.000000 928.000000 928.000000 931.000000 931.000000 931.000000 931.000000 931.000000 931.000000 931.000000 931.000000 931.000000 0.000000 0.000000 0.000000 1309.000000 1309.000000 1309.000000 1309.000000 1309.000000 1309.000000 1309.000000 1314.000000 1309.000000 1309.000000 1304.000000 1299.000000 1294.000000 1289.000000 1289.000000 1284.000000 1284.000000 1284.000000 1284.000000 1280.000000 1280.000000 1275.000000 1275.000000 1270.000000 1265.000000 1265.000000 1261.000000 1261.000000 1261.000000 1261.000000 1256.000000 1256.000000 1256.000000 1252.000000 1247.000000 1243.000000 1243.000000 1243.000000 1243.000000 1238.000000 1238.000000 
 2955.000000 2955.000000 2955.000000 2955.000000 2955.000000 2955.000000 2955.000000 2955.000000 2955.000000 2930.000000 2955.000000 2955.000000 2955.000000 2955.000000 2955.000000 2955.000000 2955.000000 2955.000000 2955.000000 2955.000000 2955.000000 2955.000000 2955.000000 2930.000000 2955.000000 2930.000000 2930.000000 2930.000000 2905.000000 2930.000000 0.000000 0.000000 0.000000 0.000000 0.000000 0.000000 0.000000 0.000000 0.000000 0.000000 0.000000 0.000000 0.000000 0.000000 0.000000 0.000000 0.000000 941.000000 939.000000 939.000000 936.000000 933.000000 931.000000 931.000000 928.000000 928.000000 926.000000 926.000000 923.000000 923.000000 923.000000 923.000000 923.000000 923.000000 926.000000 926.000000 926.000000 926.000000 926.000000 926.000000 926.000000 928.000000 928.000000 931.000000 931.000000 933.000000 933.000000 931.000000 933.000000 933.000000 933.000000 933.000000 0.000000 0.000000 0.000000 0.000000 1299.000000 1299.000000 1304.000000 1304.000000 1304.000000 1304.000000 1309.000000 1309.000000 1309.000000 1304.000000 1304.000000 1299.000000 1299.000000 1294.000000 1289.000000 1289.000000 1284.000000 1284.000000 1284.000000 1280.000000 1280.000000 1275.000000 1275.000000 1275.000000 1270.000000 1265.000000 1265.000000 1261.000000 1261.000000 1261.000000 1256.000000 1256.000000 1256.000000 1256.000000 1252.000000 1247.000000 1247.000000 1243.000000 1243.000000 1243.000000 1238.000000 1238.000000 
 2955.000000 2955.000000 2955.000000 2955.000000 2955.000000 2955.000000 2955.000000 2955.000000 2955.000000 2955.000000 2955.000000 2955.000000 2955.000000 2955.000000 2955.000000 2955.000000 2955.000000 2955.000000 2955.000000 2930.000000 2955.000000 2955.000000 2955.000000 2930.000000 2930.000000 2930.000000 2930.000000 2930.000000 2930.000000 0.000000 0.000000 0.000000 0.000000 0.000000 0.000000 0.000000 0.000000 0.000000 0.000000 0.000000 0.000000 0.000000 0.000000 0.000000 0.000000 949.000000 946.000000 941.000000 941.000000 939.000000 936.000000 936.000000 933.000000 933.000000 931.000000 931.000000 931.000000 928.000000 928.000000 926.000000 926.000000 926.000000 923.000000 926.000000 928.000000 928.000000 928.000000 928.000000 928.000000 928.000000 928.000000 928.000000 928.000000 931.000000 931.000000 933.000000 933.000000 933.000000 933.000000 933.000000 936.000000 0.000000 0.000000 0.000000 0.000000 1294.000000 1299.000000 1299.000000 1304.000000 1299.000000 1299.000000 1299.000000 1309.000000 1304.000000 1309.000000 1304.000000 1304.000000 1299.000000 1294.000000 1289.000000 1289.000000 1284.000000 1284.000000 1280.000000 1280.000000 1280.000000 1275.000000 1275.000000 1270.000000 1270.000000 1265.000000 1265.000000 1261.000000 1261.000000 1261.000000 1256.000000 1256.000000 1256.000000 1256.000000 1256.000000 1256.000000 1247.000000 1243.000000 1243.000000 1243.000000 1243.000000 1243.000000 1238.000000 
 2955.000000 2955.000000 2955.000000 2955.000000 2955.000000 2955.000000 2955.000000 2955.000000 2955.000000 2955.000000 2955.000000 2955.000000 2955.000000 2955.000000 2955.000000 2955.000000 2955.000000 2955.000000 2955.000000 2955.000000 2955.000000 2955.000000 2955.000000 2955.000000 2955.000000 2930.000000 2930.000000 2930.000000 2930.000000 2955.000000 0.000000 0.000000 0.000000 0.000000 0.000000 0.000000 0.000000 0.000000 0.000000 0.000000 0.000000 0.000000 0.000000 0.000000 0.000000 949.000000 946.000000 944.000000 941.000000 939.000000 939.000000 936.000000 936.000000 933.000000 933.000000 933.000000 931.000000 931.000000 928.000000 928.000000 928.000000 928.000000 926.000000 926.000000 928.000000 928.000000 928.000000 928.000000 928.000000 931.000000 931.000000 931.000000 931.000000 931.000000 933.000000 933.000000 936.000000 933.000000 936.000000 936.000000 939.000000 0.000000 0.000000 0.000000 0.000000 1294.000000 1299.000000 1299.000000 1299.000000 1299.000000 1299.000000 1299.000000 1304.000000 1304.000000 1304.000000 1304.000000 1299.000000 1299.000000 1294.000000 1289.000000 1284.000000 1284.000000 1280.000000 1280.000000 1280.000000 1275.000000 1275.000000 1270.000000 1270.000000 1265.000000 1265.000000 1261.000000 1261.000000 1256.000000 1256.000000 1256.000000 1256.000000 1256.000000 1256.000000 1256.000000 1252.000000 1247.000000 1243.000000 1243.000000 1243.000000 1243.000000 1238.000000 1238.000000 
 2955.000000 2955.000000 2955.000000 2955.000000 2955.000000 2955.000000 2955.000000 2955.000000 2955.000000 2955.000000 2955.000000 2955.000000 2955.000000 2955.000000 2955.000000 2955.000000 2955.000000 2955.000000 2955.000000 2955.000000 2955.000000 2955.000000 2955.000000 2955.000000 2955.000000 2930.000000 2930.000000 2930.000000 2955.000000 0.000000 0.000000 0.000000 0.000000 0.000000 0.000000 0.000000 0.000000 0.000000 0.000000 0.000000 0.000000 0.000000 0.000000 0.000000 0.000000 949.000000 949.000000 946.000000 941.000000 941.000000 939.000000 939.000000 936.000000 936.000000 933.000000 933.000000 931.000000 931.000000 931.000000 928.000000 928.000000 928.000000 928.000000 928.000000 928.000000 928.000000 931.000000 928.000000 931.000000 931.000000 931.000000 931.000000 931.000000 931.000000 933.000000 936.000000 936.000000 936.000000 936.000000 939.000000 0.000000 0.000000 0.000000 0.000000 1294.000000 1294.000000 1299.000000 1294.000000 1299.000000 1299.000000 1294.000000 1294.000000 1299.000000 1299.000000 1304.000000 1299.000000 1299.000000 1294.000000 1289.000000 1284.000000 1284.000000 1284.000000 1280.000000 1280.000000 1280.000000 1275.000000 1270.000000 1270.000000 1265.000000 1265.000000 1265.000000 1261.000000 1261.000000 1256.000000 1256.000000 1256.000000 1256.000000 1256.000000 1256.000000 1252.000000 1252.000000 1243.000000 1243.000000 1243.000000 1243.000000 1243.000000 1238.000000 1238.000000 
 2955.000000 2955.000000 2955.000000 2955.000000 2955.000000 2955.000000 2955.000000 2955.000000 2955.000000 2955.000000 2955.000000 2980.000000 2955.000000 2955.000000 2955.000000 2955.000000 2955.000000 2955.000000 2955.000000 2955.000000 2955.000000 2955.000000 2955.000000 2955.000000 2955.000000 2955.000000 2955.000000 2955.000000 0.000000 0.000000 0.000000 0.000000 0.000000 0.000000 0.000000 0.000000 0.000000 0.000000 0.000000 0.000000 0.000000 0.000000 0.000000 0.000000 952.000000 949.000000 949.000000 946.000000 944.000000 941.000000 939.000000 939.000000 939.000000 936.000000 933.000000 933.000000 933.000000 931.000000 931.000000 928.000000 928.000000 928.000000 928.000000 928.000000 928.000000 928.000000 931.000000 931.000000 931.000000 931.000000 931.000000 931.000000 933.000000 933.000000 933.000000 936.000000 939.000000 939.000000 939.000000 0.000000 0.000000 0.000000 0.000000 1294.000000 1294.000000 1294.000000 1294.000000 1294.000000 1294.000000 1294.000000 1294.000000 1294.000000 1299.000000 1299.000000 1299.000000 1299.000000 1294.000000 1294.000000 1289.000000 1284.000000 1284.000000 1280.000000 1280.000000 1275.000000 1275.000000 1275.000000 1270.000000 1265.000000 1265.000000 1261.000000 1261.000000 1261.000000 1256.000000 1256.000000 1256.000000 1256.000000 1256.000000 1256.000000 1256.000000 1252.000000 1252.000000 1243.000000 1243.000000 1243.000000 1243.000000 1243.000000 1238.000000 1238.000000 
 2955.000000 2955.000000 2955.000000 2955.000000 2955.000000 2955.000000 2955.000000 2955.000000 2955.000000 2955.000000 2955.000000 2980.000000 2980.000000 2980.000000 2955.000000 2955.000000 2955.000000 2955.000000 2955.000000 2955.000000 2955.000000 2955.000000 2955.000000 2955.000000 2955.000000 2955.000000 2930.000000 2955.000000 0.000000 0.000000 0.000000 0.000000 0.000000 0.000000 0.000000 0.000000 0.000000 0.000000 0.000000 0.000000 0.000000 0.000000 0.000000 954.000000 954.000000 952.000000 952.000000 949.000000 944.000000 941.000000 941.000000 939.000000 939.000000 936.000000 936.000000 933.000000 933.000000 931.000000 931.000000 928.000000 931.000000 928.000000 928.000000 928.000000 928.000000 928.000000 931.000000 931.000000 931.000000 933.000000 933.000000 933.000000 933.000000 933.000000 936.000000 939.000000 939.000000 939.000000 939.000000 0.000000 0.000000 0.000000 0.000000 1289.000000 1294.000000 1294.000000 1294.000000 1294.000000 1294.000000 1294.000000 1294.000000 1294.000000 1294.000000 1294.000000 1294.000000 1294.000000 1294.000000 1289.000000 1284.000000 1284.000000 1280.000000 1280.000000 1275.000000 1275.000000 1275.000000 1270.000000 1265.000000 1261.000000 1261.000000 1261.000000 1261.000000 1261.000000 1256.000000 1256.000000 1256.000000 1256.000000 1256.000000 1256.000000 1256.000000 1252.000000 1252.000000 1243.000000 1243.000000 1243.000000 1238.000000 1238.000000 1238.000000 1238.000000 
 2955.000000 2955.000000 2955.000000 2955.000000 2955.000000 2955.000000 2955.000000 2955.000000 2955.000000 2955.000000 2955.000000 2980.000000 2980.000000 2980.000000 2980.000000 2955.000000 2955.000000 2955.000000 2955.000000 2955.000000 2955.000000 2955.000000 2980.000000 2955.000000 2955.000000 2955.000000 2955.000000 0.000000 0.000000 0.000000 0.000000 0.000000 0.000000 0.000000 0.000000 0.000000 0.000000 0.000000 0.000000 0.000000 0.000000 0.000000 959.000000 957.000000 954.000000 952.000000 952.000000 949.000000 944.000000 941.000000 941.000000 941.000000 939.000000 939.000000 936.000000 939.000000 936.000000 933.000000 933.000000 931.000000 931.000000 931.000000 928.000000 928.000000 928.000000 928.000000 931.000000 931.000000 933.000000 933.000000 933.000000 933.000000 936.000000 936.000000 936.000000 939.000000 941.000000 941.000000 941.000000 0.000000 0.000000 0.000000 0.000000 1289.000000 1289.000000 1289.000000 1289.000000 1289.000000 1294.000000 1294.000000 1294.000000 1289.000000 1289.000000 1289.000000 1289.000000 1284.000000 1284.000000 1284.000000 1280.000000 1280.000000 1280.000000 1280.000000 1275.000000 1275.000000 1270.000000 1270.000000 1261.000000 1261.000000 1256.000000 1256.000000 1256.000000 1256.000000 1256.000000 1256.000000 1256.000000 1256.000000 1256.000000 1256.000000 1256.000000 1252.000000 1252.000000 1243.000000 1243.000000 1243.000000 1238.000000 1238.000000 1238.000000 1238.000000 
 2955.000000 2955.000000 2955.000000 2955.000000 2955.000000 2955.000000 2955.000000 2955.000000 2955.000000 2955.000000 2955.000000 2980.000000 2980.000000 2980.000000 2980.000000 2955.000000 2955.000000 2955.000000 2955.000000 2955.000000 2955.000000 2955.000000 2980.000000 2955.000000 2955.000000 2955.000000 2955.000000 0.000000 0.000000 0.000000 0.000000 0.000000 0.000000 0.000000 0.000000 0.000000 0.000000 0.000000 0.000000 0.000000 0.000000 0.000000 962.000000 959.000000 957.000000 954.000000 952.000000 949.000000 946.000000 944.000000 941.000000 941.000000 939.000000 939.000000 936.000000 936.000000 936.000000 933.000000 933.000000 931.000000 933.000000 931.000000 931.000000 931.000000 931.000000 931.000000 931.000000 931.000000 933.000000 933.000000 936.000000 936.000000 936.000000 936.000000 939.000000 941.000000 941.000000 941.000000 941.000000 0.000000 0.000000 0.000000 0.000000 1284.000000 1289.000000 1284.000000 1289.000000 1289.000000 1289.000000 1289.000000 1289.000000 1289.000000 1289.000000 1284.000000 1284.000000 1284.000000 1280.000000 1280.000000 1280.000000 1280.000000 1275.000000 1275.000000 1270.000000 1270.000000 1265.000000 1261.000000 1261.000000 1256.000000 1256.000000 1256.000000 1256.000000 1256.000000 1256.000000 1256.000000 1256.000000 1256.000000 1256.000000 1256.000000 1252.000000 1252.000000 1247.000000 1243.000000 1243.000000 1243.000000 1238.000000 1238.000000 1238.000000 1238.000000 
 2955.000000 2955.000000 2955.000000 2955.000000 2955.000000 2955.000000 2930.000000 2955.000000 2955.000000 2955.000000 2955.000000 2980.000000 2980.000000 2980.000000 2980.000000 2955.000000 2955.000000 2955.000000 2955.000000 2955.000000 2955.000000 2980.000000 2980.000000 2980.000000 2955.000000 2955.000000 0.000000 0.000000 0.000000 0.000000 0.000000 0.000000 0.000000 0.000000 0.000000 0.000000 0.000000 0.000000 0.000000 0.000000 0.000000 0.000000 959.000000 959.000000 954.000000 954.000000 952.000000 949.000000 949.000000 944.000000 944.000000 941.000000 941.000000 939.000000 939.000000 939.000000 936.000000 936.000000 933.000000 933.000000 933.000000 933.000000 931.000000 931.000000 931.000000 931.000000 933.000000 933.000000 936.000000 936.000000 936.000000 936.000000 939.000000 939.000000 939.000000 941.000000 941.000000 939.000000 0.000000 0.000000 0.000000 0.000000 1280.000000 1280.000000 1284.000000 1280.000000 1280.000000 1284.000000 1284.000000 1284.000000 1284.000000 1284.000000 1280.000000 1280.000000 1280.000000 1280.000000 1280.000000 1280.000000 1280.000000 1275.000000 1275.000000 1275.000000 1270.000000 1265.000000 1265.000000 1261.000000 1261.000000 1256.000000 1256.000000 1256.000000 1256.000000 1256.000000 1256.000000 1252.000000 1252.000000 1256.000000 1256.000000 1252.000000 1252.000000 1247.000000 1247.000000 1243.000000 1243.000000 1238.000000 1238.000000 1238.000000 1238.000000 1238.000000 
 2955.000000 2955.000000 2955.000000 2955.000000 2955.000000 2955.000000 2930.000000 2955.000000 2955.000000 2955.000000 2955.000000 2980.000000 2980.000000 2980.000000 2955.000000 2955.000000 2955.000000 2955.000000 2955.000000 2955.000000 2955.000000 2980.000000 2980.000000 2980.000000 2980.000000 2980.000000 0.000000 0.000000 0.000000 0.000000 0.000000 0.000000 0.000000 0.000000 0.000000 0.000000 0.000000 0.000000 0.000000 0.000000 0.000000 0.000000 959.000000 957.000000 957.000000 954.000000 952.000000 952.000000 949.000000 946.000000 944.000000 941.000000 941.000000 939.000000 939.000000 939.000000 936.000000 936.000000 936.000000 933.000000 936.000000 933.000000 933.000000 936.000000 933.000000 933.000000 939.000000 939.000000 941.000000 939.000000 939.000000 939.000000 941.000000 941.000000 944.000000 946.000000 946.000000 0.000000 0.000000 0.000000 0.000000 1270.000000 1275.000000 1275.000000 1280.000000 1275.000000 1275.000000 1280.000000 1280.000000 1284.000000 1280.000000 1280.000000 1275.000000 1275.000000 1280.000000 1280.000000 1275.000000 1275.000000 1275.000000 1275.000000 1275.000000 1270.000000 1265.000000 1265.000000 1261.000000 1261.000000 1256.000000 1256.000000 1256.000000 1256.000000 1252.000000 1252.000000 1252.000000 1252.000000 1252.000000 1252.000000 1252.000000 1252.000000 1252.000000 1252.000000 1247.000000 1243.000000 1243.000000 1238.000000 1238.000000 1238.000000 1238.000000 1238.000000 
 2955.000000 2955.000000 2955.000000 2955.000000 2955.000000 2955.000000 2930.000000 2955.000000 2955.000000 2955.000000 2955.000000 2980.000000 2980.000000 2980.000000 2955.000000 2955.000000 2955.000000 2955.000000 2955.000000 2955.000000 2955.000000 2980.000000 2980.000000 2955.000000 2980.000000 0.000000 0.000000 0.000000 0.000000 0.000000 0.000000 0.000000 0.000000 0.000000 0.000000 0.000000 0.000000 0.000000 0.000000 0.000000 0.000000 962.000000 957.000000 957.000000 957.000000 954.000000 952.000000 952.000000 949.000000 946.000000 944.000000 944.000000 941.000000 939.000000 939.000000 939.000000 936.000000 939.000000 936.000000 936.000000 939.000000 939.000000 939.000000 941.000000 941.000000 944.000000 944.000000 944.000000 946.000000 946.000000 946.000000 944.000000 944.000000 944.000000 946.000000 949.000000 949.000000 0.000000 0.000000 0.000000 0.000000 1270.000000 1275.000000 1275.000000 1275.000000 1275.000000 1275.000000 1275.000000 1280.000000 1280.000000 1280.000000 1275.000000 1275.000000 1275.000000 1280.000000 1275.000000 1275.000000 1275.000000 1275.000000 1275.000000 1270.000000 1270.000000 1265.000000 1261.000000 1261.000000 1256.000000 1256.000000 1256.000000 1256.000000 1256.000000 1252.000000 1252.000000 1252.000000 1247.000000 1252.000000 1252.000000 1252.000000 1252.000000 1252.000000 1243.000000 1243.000000 1243.000000 1243.000000 1238.000000 1238.000000 1234.000000 1234.000000 1238.000000 
 2955.000000 2955.000000 2955.000000 2955.000000 2955.000000 2955.000000 2930.000000 2955.000000 2955.000000 2955.000000 2955.000000 2955.000000 2980.000000 2980.000000 2955.000000 2955.000000 2955.000000 2955.000000 2955.000000 2955.000000 2955.000000 2980.000000 2980.000000 0.000000 0.000000 0.000000 0.000000 0.000000 0.000000 0.000000 0.000000 0.000000 0.000000 0.000000 0.000000 0.000000 0.000000 0.000000 0.000000 0.000000 0.000000 962.000000 959.000000 959.000000 957.000000 957.000000 954.000000 952.000000 952.000000 952.000000 946.000000 944.000000 941.000000 939.000000 939.000000 939.000000 936.000000 939.000000 936.000000 939.000000 939.000000 939.000000 941.000000 944.000000 944.000000 946.000000 946.000000 946.000000 949.000000 949.000000 952.000000 949.000000 949.000000 946.000000 949.000000 949.000000 0.000000 0.000000 0.000000 0.000000 1270.000000 1270.000000 1275.000000 1275.000000 1275.000000 1275.000000 1275.000000 1275.000000 1275.000000 1275.000000 1275.000000 1275.000000 1275.000000 1275.000000 1275.000000 1275.000000 1275.000000 1275.000000 1275.000000 1270.000000 1270.000000 1265.000000 1265.000000 1261.000000 1261.000000 1256.000000 1256.000000 1256.000000 1252.000000 1252.000000 1252.000000 1247.000000 1247.000000 1247.000000 1243.000000 1247.000000 1243.000000 1247.000000 1247.000000 1243.000000 1243.000000 1238.000000 1238.000000 1238.000000 1234.000000 1234.000000 1234.000000 1238.000000 
 2955.000000 2955.000000 2955.000000 2955.000000 2955.000000 2930.000000 2930.000000 2930.000000 2930.000000 2930.000000 2930.000000 2955.000000 2955.000000 2955.000000 2955.000000 2955.000000 2955.000000 2930.000000 2955.000000 2955.000000 2955.000000 2980.000000 2980.000000 0.000000 0.000000 0.000000 0.000000 0.000000 0.000000 0.000000 0.000000 0.000000 0.000000 0.000000 0.000000 0.000000 0.000000 0.000000 0.000000 0.000000 0.000000 962.000000 957.000000 957.000000 957.000000 954.000000 952.000000 952.000000 952.000000 952.000000 946.000000 946.000000 941.000000 939.000000 939.000000 939.000000 939.000000 939.000000 939.000000 941.000000 941.000000 941.000000 941.000000 946.000000 946.000000 949.000000 949.000000 949.000000 949.000000 952.000000 952.000000 952.000000 952.000000 952.000000 952.000000 0.000000 0.000000 0.000000 0.000000 1256.000000 1265.000000 1270.000000 1270.000000 1270.000000 1270.000000 1270.000000 1270.000000 1275.000000 1275.000000 1275.000000 1275.000000 1275.000000 1270.000000 1265.000000 1275.000000 1270.000000 1275.000000 1270.000000 1265.000000 1261.000000 1261.000000 1261.000000 1261.000000 1261.000000 1256.000000 1256.000000 1256.000000 1256.000000 1252.000000 1252.000000 1252.000000 1247.000000 1243.000000 1243.000000 1243.000000 1243.000000 1243.000000 1243.000000 1243.000000 1243.000000 1243.000000 1238.000000 1243.000000 1238.000000 1238.000000 1234.000000 1229.000000 1238.000000 
 2955.000000 2955.000000 2955.000000 2955.000000 2955.000000 2930.000000 2930.000000 2930.000000 2930.000000 2930.000000 2930.000000 2955.000000 2980.000000 2980.000000 2980.000000 2955.000000 2955.000000 2980.000000 2955.000000 2955.000000 2955.000000 2980.000000 0.000000 0.000000 0.000000 0.000000 0.000000 0.000000 0.000000 0.000000 0.000000 0.000000 0.000000 0.000000 0.000000 0.000000 0.000000 0.000000 970.000000 970.000000 965.000000 962.000000 957.000000 957.000000 957.000000 954.000000 952.000000 952.000000 952.000000 949.000000 949.000000 946.000000 944.000000 941.000000 941.000000 941.000000 941.000000 941.000000 941.000000 941.000000 944.000000 944.000000 944.000000 944.000000 946.000000 949.000000 949.000000 949.000000 949.000000 952.000000 952.000000 952.000000 952.000000 952.000000 952.000000 0.000000 0.000000 0.000000 0.000000 1261.000000 1261.000000 1265.000000 1265.000000 1265.000000 1270.000000 1270.000000 1270.000000 1270.000000 1270.000000 1270.000000 1270.000000 1270.000000 1265.000000 1265.000000 1265.000000 1265.000000 1265.000000 1261.000000 1261.000000 1261.000000 1261.000000 1256.000000 1256.000000 1256.000000 1256.000000 1252.000000 1256.000000 1256.000000 1252.000000 1252.000000 1247.000000 1243.000000 1243.000000 1243.000000 1243.000000 1243.000000 1243.000000 1243.000000 1243.000000 1243.000000 1238.000000 1238.000000 1238.000000 1238.000000 1234.000000 1234.000000 1229.000000 1234.000000 
 2955.000000 2955.000000 2955.000000 2955.000000 2955.000000 2955.000000 2930.000000 2930.000000 2930.000000 2930.000000 2955.000000 2980.000000 2980.000000 2980.000000 2980.000000 2980.000000 2980.000000 2980.000000 2955.000000 2955.000000 2955.000000 0.000000 0.000000 0.000000 0.000000 0.000000 0.000000 0.000000 0.000000 0.000000 0.000000 0.000000 0.000000 0.000000 0.000000 0.000000 0.000000 0.000000 970.000000 968.000000 965.000000 962.000000 959.000000 957.000000 957.000000 952.000000 952.000000 952.000000 952.000000 946.000000 946.000000 946.000000 944.000000 944.000000 944.000000 944.000000 944.000000 944.000000 941.000000 944.000000 944.000000 946.000000 946.000000 946.000000 946.000000 949.000000 949.000000 949.000000 952.000000 952.000000 954.000000 954.000000 954.000000 0.000000 0.000000 0.000000 0.000000 1256.000000 1256.000000 1256.000000 1256.000000 1261.000000 1261.000000 1261.000000 1265.000000 1270.000000 1270.000000 1270.000000 1270.000000 1265.000000 1265.000000 1265.000000 1261.000000 1261.000000 1265.000000 1261.000000 1261.000000 1261.000000 1261.000000 1256.000000 1256.000000 1256.000000 1256.000000 1256.000000 1256.000000 1252.000000 1252.000000 1252.000000 1247.000000 1247.000000 1247.000000 1243.000000 1243.000000 1243.000000 1243.000000 1243.000000 1238.000000 1243.000000 1243.000000 1238.000000 1238.000000 1238.000000 1238.000000 1238.000000 1234.000000 1234.000000 1229.000000 1229.000000 
 2955.000000 2955.000000 2955.000000 2955.000000 2955.000000 2955.000000 2955.000000 2955.000000 2955.000000 2955.000000 2955.000000 2980.000000 2980.000000 2980.000000 2980.000000 2980.000000 2980.000000 2980.000000 2980.000000 2955.000000 0.000000 0.000000 0.000000 0.000000 0.000000 0.000000 0.000000 0.000000 0.000000 0.000000 0.000000 0.000000 0.000000 0.000000 0.000000 970.000000 970.000000 970.000000 968.000000 968.000000 965.000000 962.000000 959.000000 957.000000 957.000000 954.000000 952.000000 952.000000 952.000000 949.000000 949.000000 946.000000 946.000000 944.000000 944.000000 944.000000 944.000000 946.000000 944.000000 946.000000 946.000000 949.000000 949.000000 949.000000 949.000000 949.000000 952.000000 952.000000 952.000000 952.000000 954.000000 957.000000 0.000000 0.000000 0.000000 0.000000 1256.000000 1256.000000 1256.000000 1256.000000 1256.000000 1261.000000 1261.000000 1261.000000 1265.000000 1265.000000 1270.000000 1270.000000 1270.000000 1265.000000 1265.000000 1265.000000 1261.000000 1256.000000 1261.000000 1261.000000 1256.000000 1256.000000 1256.000000 1256.000000 1256.000000 1256.000000 1256.000000 1252.000000 1252.000000 1252.000000 1252.000000 1247.000000 1247.000000 1243.000000 1243.000000 1243.000000 1243.000000 1238.000000 1238.000000 1238.000000 1238.000000 1238.000000 1238.000000 1238.000000 1238.000000 1238.000000 1238.000000 1234.000000 1234.000000 1234.000000 1229.000000 1229.000000 
 2955.000000 2955.000000 2955.000000 2955.000000 2955.000000 2955.000000 2955.000000 2955.000000 2955.000000 2955.000000 2955.000000 2980.000000 2980.000000 2980.000000 2980.000000 2980.000000 2980.000000 2980.000000 2980.000000 2980.000000 0.000000 0.000000 0.000000 0.000000 0.000000 0.000000 0.000000 0.000000 0.000000 0.000000 0.000000 0.000000 0.000000 0.000000 0.000000 970.000000 970.000000 970.000000 968.000000 968.000000 965.000000 965.000000 962.000000 959.000000 957.000000 954.000000 954.000000 952.000000 952.000000 952.000000 949.000000 949.000000 949.000000 946.000000 946.000000 946.000000 949.000000 946.000000 946.000000 946.000000 949.000000 949.000000 949.000000 949.000000 949.000000 952.000000 952.000000 954.000000 957.000000 957.000000 957.000000 959.000000 0.000000 0.000000 0.000000 0.000000 1256.000000 1256.000000 1256.000000 1256.000000 1256.000000 1256.000000 1261.000000 1261.000000 1265.000000 1265.000000 1270.000000 1270.000000 1270.000000 1261.000000 1261.000000 1261.000000 1256.000000 1256.000000 1261.000000 1256.000000 1256.000000 1256.000000 1256.000000 1256.000000 1252.000000 1252.000000 1252.000000 1247.000000 1247.000000 1247.000000 1247.000000 1247.000000 1243.000000 1243.000000 1243.000000 1243.000000 1243.000000 1238.000000 1238.000000 1238.000000 1238.000000 1238.000000 1238.000000 1238.000000 1238.000000 1234.000000 1238.000000 1238.000000 1238.000000 1234.000000 1229.000000 1229.000000 
 2955.000000 2955.000000 2955.000000 2955.000000 2955.000000 2955.000000 2955.000000 2955.000000 2955.000000 2955.000000 2955.000000 2980.000000 2980.000000 2980.000000 2980.000000 2980.000000 2980.000000 2980.000000 2980.000000 2980.000000 0.000000 0.000000 0.000000 0.000000 0.000000 0.000000 0.000000 0.000000 0.000000 0.000000 0.000000 0.000000 0.000000 0.000000 0.000000 970.000000 970.000000 968.000000 968.000000 965.000000 965.000000 965.000000 962.000000 959.000000 959.000000 957.000000 954.000000 952.000000 952.000000 952.000000 949.000000 949.000000 949.000000 946.000000 946.000000 946.000000 949.000000 949.000000 946.000000 949.000000 949.000000 949.000000 949.000000 949.000000 952.000000 952.000000 954.000000 954.000000 957.000000 957.000000 959.000000 0.000000 0.000000 0.000000 0.000000 1252.000000 1252.000000 1252.000000 1252.000000 1252.000000 1252.000000 1252.000000 1256.000000 1256.000000 1256.000000 1261.000000 1261.000000 1261.000000 1261.000000 1256.000000 1256.000000 1256.000000 1252.000000 1252.000000 1256.000000 1256.000000 1256.000000 1256.000000 1252.000000 1252.000000 1252.000000 1247.000000 1247.000000 1247.000000 1243.000000 1243.000000 1243.000000 1243.000000 1243.000000 1243.000000 1243.000000 1243.000000 1238.000000 1238.000000 1238.000000 1238.000000 1238.000000 1238.000000 1238.000000 1238.000000 1238.000000 1238.000000 1238.000000 1238.000000 1238.000000 1234.000000 1229.000000 1229.000000 
 2955.000000 2955.000000 2955.000000 2955.000000 2955.000000 2955.000000 2955.000000 2955.000000 2980.000000 2980.000000 2955.000000 2980.000000 2980.000000 2980.000000 2980.000000 2980.000000 2980.000000 2980.000000 2980.000000 2980.000000 0.000000 0.000000 0.000000 0.000000 0.000000 0.000000 0.000000 0.000000 0.000000 0.000000 0.000000 0.000000 0.000000 0.000000 0.000000 968.000000 968.000000 968.000000 965.000000 965.000000 965.000000 965.000000 962.000000 959.000000 959.000000 957.000000 954.000000 952.000000 952.000000 952.000000 949.000000 949.000000 949.000000 949.000000 949.000000 949.000000 949.000000 949.000000 949.000000 949.000000 949.000000 952.000000 952.000000 949.000000 952.000000 952.000000 954.000000 957.000000 959.000000 959.000000 959.000000 0.000000 0.000000 0.000000 1252.000000 1252.000000 1247.000000 1247.000000 1247.000000 1247.000000 1252.000000 1252.000000 1252.000000 1252.000000 1256.000000 1256.000000 1261.000000 1261.000000 1256.000000 1252.000000 1252.000000 1252.000000 1252.000000 1252.000000 1256.000000 1252.000000 1252.000000 1252.000000 1252.000000 1247.000000 1247.000000 1247.000000 1247.000000 1243.000000 1243.000000 1243.000000 1243.000000 1243.000000 1243.000000 1243.000000 1238.000000 1238.000000 1238.000000 1238.000000 1238.000000 1238.000000 1234.000000 1234.000000 1238.000000 1234.000000 1234.000000 1234.000000 1234.000000 1234.000000 1234.000000 1234.000000 1229.000000 1229.000000 
 2955.000000 2955.000000 2955.000000 2955.000000 2955.000000 2955.000000 2955.000000 2955.000000 2980.000000 2980.000000 2955.000000 2980.000000 2980.000000 2980.000000 2980.000000 2980.000000 2980.000000 2980.000000 2980.000000 0.000000 0.000000 0.000000 0.000000 0.000000 0.000000 0.000000 0.000000 0.000000 0.000000 0.000000 0.000000 0.000000 0.000000 0.000000 973.000000 968.000000 968.000000 968.000000 968.000000 965.000000 965.000000 965.000000 962.000000 959.000000 959.000000 957.000000 957.000000 952.000000 952.000000 952.000000 949.000000 949.000000 952.000000 949.000000 949.000000 949.000000 949.000000 952.000000 952.000000 952.000000 952.000000 952.000000 952.000000 952.000000 954.000000 954.000000 957.000000 962.000000 962.000000 965.000000 0.000000 0.000000 0.000000 1252.000000 1252.000000 1252.000000 1247.000000 1247.000000 1247.000000 1247.000000 1247.000000 1247.000000 1252.000000 1252.000000 1252.000000 1256.000000 1256.000000 1256.000000 1256.000000 1252.000000 1252.000000 1252.000000 1252.000000 1252.000000 1252.000000 1252.000000 1252.000000 1252.000000 1247.000000 1247.000000 1247.000000 1247.000000 1247.000000 1243.000000 1243.000000 1243.000000 1243.000000 1243.000000 1243.000000 1243.000000 1238.000000 1238.000000 1238.000000 1238.000000 1238.000000 1238.000000 1234.000000 1234.000000 1234.000000 1234.000000 1229.000000 1229.000000 1229.000000 1234.000000 1234.000000 1229.000000 1229.000000 1229.000000 
 2955.000000 2955.000000 2955.000000 2955.000000 2955.000000 2955.000000 2955.000000 2955.000000 2980.000000 2980.000000 2980.000000 2980.000000 2980.000000 2980.000000 2980.000000 2980.000000 2980.000000 2980.000000 2980.000000 0.000000 0.000000 0.000000 0.000000 0.000000 0.000000 0.000000 0.000000 0.000000 0.000000 0.000000 0.000000 0.000000 0.000000 0.000000 970.000000 968.000000 970.000000 968.000000 968.000000 965.000000 965.000000 965.000000 962.000000 962.000000 959.000000 959.000000 957.000000 954.000000 952.000000 952.000000 952.000000 952.000000 952.000000 949.000000 952.000000 952.000000 952.000000 952.000000 952.000000 952.000000 952.000000 954.000000 954.000000 954.000000 954.000000 957.000000 959.000000 968.000000 965.000000 0.000000 0.000000 0.000000 1252.000000 1252.000000 1247.000000 1247.000000 1243.000000 1243.000000 1243.000000 1247.000000 1247.000000 1247.000000 1252.000000 1252.000000 1252.000000 1252.000000 1252.000000 1252.000000 1252.000000 1252.000000 1252.000000 1252.000000 1252.000000 1247.000000 1252.000000 1247.000000 1247.000000 1247.000000 1247.000000 1243.000000 1243.000000 1243.000000 1243.000000 1243.000000 1243.000000 1243.000000 1243.000000 1243.000000 1243.000000 1243.000000 1238.000000 1238.000000 1238.000000 1238.000000 1238.000000 1238.000000 1234.000000 1234.000000 1234.000000 1234.000000 1234.000000 1229.000000 1229.000000 1229.000000 1234.000000 1229.000000 1229.000000 1225.000000 
 2955.000000 2955.000000 2955.000000 2955.000000 2955.000000 2955.000000 2955.000000 2955.000000 2955.000000 2955.000000 2955.000000 2980.000000 2980.000000 2980.000000 2980.000000 2980.000000 2980.000000 2980.000000 0.000000 0.000000 0.000000 0.000000 0.000000 0.000000 0.000000 0.000000 0.000000 0.000000 0.000000 0.000000 0.000000 0.000000 0.000000 970.000000 970.000000 968.000000 970.000000 968.000000 968.000000 965.000000 965.000000 965.000000 962.000000 965.000000 959.000000 959.000000 957.000000 954.000000 954.000000 952.000000 952.000000 952.000000 952.000000 949.000000 952.000000 952.000000 952.000000 954.000000 954.000000 952.000000 954.000000 954.000000 957.000000 954.000000 957.000000 962.000000 962.000000 968.000000 965.000000 0.000000 0.000000 0.000000 1247.000000 1247.000000 1247.000000 1247.000000 1243.000000 1238.000000 1238.000000 1243.000000 1243.000000 1247.000000 1247.000000 1252.000000 1252.000000 1252.000000 1252.000000 1252.000000 1252.000000 1247.000000 1247.000000 1247.000000 1252.000000 1247.000000 1252.000000 1247.000000 1247.000000 1247.000000 1243.000000 1243.000000 1243.000000 1243.000000 1243.000000 1243.000000 1243.000000 1243.000000 1243.000000 1243.000000 1243.000000 1238.000000 1238.000000 1238.000000 1238.000000 1234.000000 1234.000000 1234.000000 1234.000000 1234.000000 1234.000000 1234.000000 1234.000000 1229.000000 1229.000000 1229.000000 1234.000000 1229.000000 1229.000000 1225.000000 
 2955.000000 2955.000000 2955.000000 2955.000000 2955.000000 2955.000000 2955.000000 2955.000000 2955.000000 2955.000000 2955.000000 2980.000000 2980.000000 2980.000000 2980.000000 2980.000000 3006.000000 2980.000000 0.000000 0.000000 0.000000 0.000000 0.000000 0.000000 0.000000 0.000000 0.000000 0.000000 0.000000 0.000000 0.000000 0.000000 970.000000 970.000000 970.000000 968.000000 968.000000 968.000000 965.000000 965.000000 965.000000 965.000000 962.000000 965.000000 959.000000 959.000000 957.000000 954.000000 954.000000 952.000000 952.000000 952.000000 952.000000 949.000000 949.000000 952.000000 952.000000 954.000000 954.000000 954.000000 957.000000 959.000000 959.000000 962.000000 962.000000 965.000000 965.000000 968.000000 0.000000 0.000000 0.000000 1247.000000 1247.000000 1247.000000 1243.000000 1243.000000 1238.000000 1238.000000 1238.000000 1238.000000 1243.000000 1243.000000 1247.000000 1247.000000 1247.000000 1247.000000 1247.000000 1247.000000 1247.000000 1247.000000 1247.000000 1247.000000 1247.000000 1247.000000 1247.000000 1247.000000 1243.000000 1243.000000 1243.000000 1243.000000 1238.000000 1243.000000 1243.000000 1243.000000 1243.000000 1238.000000 1243.000000 1243.000000 1243.000000 1238.000000 1238.000000 1238.000000 1238.000000 1234.000000 1234.000000 1234.000000 1229.000000 1229.000000 1229.000000 1234.000000 1229.000000 1229.000000 1229.000000 1229.000000 1229.000000 1229.000000 1225.000000 1225.000000 
 2955.000000 2955.000000 2955.000000 2955.000000 2955.000000 2955.000000 2955.000000 2955.000000 2955.000000 2955.000000 2955.000000 2980.000000 2980.000000 2980.000000 2980.000000 2980.000000 2980.000000 0.000000 0.000000 0.000000 0.000000 0.000000 0.000000 0.000000 0.000000 0.000000 0.000000 0.000000 0.000000 0.000000 0.000000 0.000000 970.000000 968.000000 968.000000 968.000000 968.000000 965.000000 965.000000 965.000000 965.000000 962.000000 962.000000 965.000000 962.000000 959.000000 959.000000 957.000000 954.000000 952.000000 952.000000 952.000000 952.000000 949.000000 952.000000 952.000000 954.000000 954.000000 954.000000 957.000000 957.000000 959.000000 959.000000 962.000000 962.000000 968.000000 968.000000 970.000000 0.000000 0.000000 0.000000 1247.000000 1243.000000 1243.000000 1238.000000 1238.000000 1238.000000 1238.000000 1238.000000 1238.000000 1238.000000 1238.000000 1243.000000 1243.000000 1243.000000 1243.000000 1243.000000 1243.000000 1243.000000 1243.000000 1243.000000 1247.000000 1247.000000 1243.000000 1247.000000 1243.000000 1243.000000 1243.000000 1243.000000 1238.000000 1238.000000 1238.000000 1238.000000 1238.000000 1238.000000 1238.000000 1238.000000 1243.000000 1243.000000 1238.000000 1238.000000 1238.000000 1238.000000 1234.000000 1234.000000 1234.000000 1234.000000 1229.000000 1234.000000 1229.000000 1229.000000 1229.000000 1229.000000 1225.000000 1225.000000 1225.000000 1225.000000 1225.000000 
 2955.000000 2955.000000 2955.000000 2955.000000 2955.000000 2955.000000 2955.000000 2955.000000 2955.000000 2955.000000 2955.000000 2980.000000 2980.000000 2980.000000 2980.000000 2980.000000 0.000000 0.000000 0.000000 0.000000 0.000000 0.000000 0.000000 0.000000 0.000000 0.000000 0.000000 0.000000 0.000000 0.000000 0.000000 973.000000 973.000000 970.000000 970.000000 970.000000 968.000000 968.000000 965.000000 965.000000 965.000000 965.000000 965.000000 965.000000 962.000000 959.000000 959.000000 957.000000 954.000000 954.000000 952.000000 952.000000 952.000000 952.000000 952.000000 954.000000 954.000000 957.000000 957.000000 959.000000 959.000000 962.000000 962.000000 965.000000 965.000000 968.000000 968.000000 0.000000 0.000000 0.000000 0.000000 1247.000000 1243.000000 1238.000000 1238.000000 1238.000000 1238.000000 1238.000000 1238.000000 1238.000000 1238.000000 1238.000000 1238.000000 1243.000000 1243.000000 1238.000000 1243.000000 1238.000000 1243.000000 1243.000000 1243.000000 1243.000000 1243.000000 1243.000000 1243.000000 1243.000000 1243.000000 1243.000000 1238.000000 1238.000000 1238.000000 1238.000000 1238.000000 1238.000000 1238.000000 1238.000000 1238.000000 1238.000000 1238.000000 1238.000000 1238.000000 1238.000000 1238.000000 1234.000000 1234.000000 1234.000000 1234.000000 1234.000000 1234.000000 1229.000000 1229.000000 1229.000000 1225.000000 1225.000000 1225.000000 1225.000000 1225.000000 1225.000000 
 2955.000000 2955.000000 2955.000000 2955.000000 2955.000000 2955.000000 2955.000000 2955.000000 2955.000000 2955.000000 2955.000000 2980.000000 2980.000000 2980.000000 2980.000000 0.000000 0.000000 0.000000 0.000000 0.000000 0.000000 0.000000 0.000000 0.000000 0.000000 0.000000 0.000000 0.000000 0.000000 0.000000 0.000000 976.000000 973.000000 973.000000 970.000000 970.000000 968.000000 968.000000 965.000000 965.000000 965.000000 962.000000 962.000000 965.000000 962.000000 959.000000 959.000000 959.000000 957.000000 954.000000 954.000000 954.000000 952.000000 952.000000 954.000000 954.000000 957.000000 959.000000 959.000000 962.000000 962.000000 962.000000 965.000000 968.000000 968.000000 970.000000 970.000000 0.000000 0.000000 0.000000 0.000000 1247.000000 1243.000000 1238.000000 1238.000000 1238.000000 1234.000000 1234.000000 1234.000000 1238.000000 1238.000000 1238.000000 1238.000000 1243.000000 1238.000000 1238.000000 1238.000000 1238.000000 1238.000000 1238.000000 1238.000000 1238.000000 1238.000000 1238.000000 1243.000000 1243.000000 1243.000000 1243.000000 1238.000000 1238.000000 1238.000000 1238.000000 1234.000000 1234.000000 1234.000000 1238.000000 1238.000000 1238.000000 1238.000000 1238.000000 1238.000000 1238.000000 1238.000000 1234.000000 1234.000000 1234.000000 1234.000000 1234.000000 1234.000000 1229.000000 1229.000000 1229.000000 1225.000000 1225.000000 1225.000000 1225.000000 1225.000000 1225.000000 
 2955.000000 2955.000000 2955.000000 2955.000000 2955.000000 2955.000000 2955.000000 2955.000000 2955.000000 2955.000000 2955.000000 2980.000000 2980.000000 2980.000000 0.000000 0.000000 0.000000 0.000000 0.000000 0.000000 0.000000 0.000000 0.000000 0.000000 0.000000 0.000000 0.000000 0.000000 0.000000 0.000000 0.000000 978.000000 976.000000 973.000000 970.000000 970.000000 968.000000 965.000000 962.000000 962.000000 965.000000 962.000000 962.000000 962.000000 962.000000 959.000000 959.000000 957.000000 957.000000 954.000000 954.000000 954.000000 954.000000 954.000000 957.000000 957.000000 959.000000 959.000000 959.000000 962.000000 962.000000 962.000000 965.000000 965.000000 968.000000 970.000000 970.000000 0.000000 0.000000 0.000000 0.000000 1243.000000 1238.000000 1238.000000 1234.000000 1234.000000 1234.000000 1234.000000 1234.000000 1234.000000 1234.000000 1234.000000 1234.000000 1238.000000 1234.000000 1234.000000 1234.000000 1234.000000 1238.000000 1238.000000 1238.000000 1238.000000 1238.000000 1238.000000 1243.000000 1243.000000 1243.000000 1243.000000 1238.000000 1238.000000 1238.000000 1238.000000 1234.000000 1234.000000 1234.000000 1234.000000 1234.000000 1238.000000 1238.000000 1238.000000 1238.000000 1238.000000 1238.000000 1234.000000 1234.000000 1234.000000 1234.000000 1234.000000 1234.000000 1229.000000 1229.000000 1229.000000 1225.000000 1225.000000 1225.000000 1225.000000 1225.000000 1225.000000 
 2955.000000 2955.000000 2955.000000 2955.000000 2955.000000 2955.000000 2955.000000 2955.000000 2955.000000 2955.000000 2955.000000 2980.000000 2980.000000 0.000000 0.000000 0.000000 0.000000 0.000000 0.000000 0.000000 0.000000 0.000000 0.000000 0.000000 0.000000 0.000000 0.000000 0.000000 0.000000 993.000000 984.000000 981.000000 976.000000 973.000000 970.000000 965.000000 965.000000 962.000000 962.000000 962.000000 965.000000 962.000000 962.000000 962.000000 962.000000 959.000000 959.000000 959.000000 959.000000 957.000000 957.000000 954.000000 954.000000 954.000000 957.000000 957.000000 959.000000 959.000000 962.000000 962.000000 962.000000 962.000000 965.000000 968.000000 968.000000 970.000000 973.000000 0.000000 0.000000 0.000000 1234.000000 1234.000000 1234.000000 1234.000000 1229.000000 1234.000000 1229.000000 1229.000000 1229.000000 1229.000000 1234.000000 1234.000000 1234.000000 1234.000000 1234.000000 1234.000000 1234.000000 1234.000000 1234.000000 1234.000000 1234.000000 1234.000000 1238.000000 1238.000000 1243.000000 1243.000000 1243.000000 1243.000000 1238.000000 1238.000000 1238.000000 1234.000000 1234.000000 1229.000000 1234.000000 1234.000000 1234.000000 1238.000000 1238.000000 1238.000000 1238.000000 1238.000000 1238.000000 1234.000000 1229.000000 1234.000000 1229.000000 1229.000000 1229.000000 1229.000000 1229.000000 1229.000000 1225.000000 1225.000000 1225.000000 1225.000000 1225.000000 1225.000000 
 2955.000000 2955.000000 2955.000000 2955.000000 2955.000000 2955.000000 2955.000000 2955.000000 2955.000000 2955.000000 2955.000000 2980.000000 2980.000000 0.000000 0.000000 0.000000 0.000000 0.000000 0.000000 0.000000 0.000000 0.000000 0.000000 0.000000 0.000000 0.000000 0.000000 0.000000 0.000000 993.000000 987.000000 981.000000 978.000000 976.000000 970.000000 962.000000 959.000000 959.000000 959.000000 959.000000 962.000000 962.000000 962.000000 962.000000 962.000000 962.000000 959.000000 959.000000 959.000000 957.000000 957.000000 957.000000 957.000000 957.000000 959.000000 959.000000 962.000000 962.000000 965.000000 965.000000 965.000000 965.000000 965.000000 968.000000 973.000000 984.000000 984.000000 0.000000 0.000000 0.000000 1229.000000 1234.000000 1234.000000 1234.000000 1229.000000 1229.000000 1229.000000 1229.000000 1229.000000 1229.000000 1229.000000 1234.000000 1234.000000 1234.000000 1234.000000 1234.000000 1234.000000 1234.000000 1234.000000 1234.000000 1234.000000 1234.000000 1234.000000 1234.000000 1238.000000 1238.000000 1238.000000 1238.000000 1238.000000 1238.000000 1238.000000 1234.000000 1234.000000 1229.000000 1229.000000 1234.000000 1234.000000 1234.000000 1238.000000 1238.000000 1238.000000 1238.000000 1238.000000 1234.000000 1229.000000 1234.000000 1229.000000 1229.000000 1229.000000 1229.000000 1225.000000 1225.000000 1225.000000 1225.000000 1225.000000 1225.000000 1225.000000 1225.000000 
 2955.000000 2955.000000 2955.000000 2955.000000 2955.000000 2955.000000 2955.000000 2955.000000 2955.000000 2955.000000 2930.000000 0.000000 0.000000 0.000000 0.000000 0.000000 0.000000 0.000000 0.000000 0.000000 0.000000 0.000000 0.000000 0.000000 0.000000 0.000000 0.000000 995.000000 993.000000 993.000000 987.000000 984.000000 981.000000 978.000000 973.000000 962.000000 959.000000 957.000000 957.000000 959.000000 962.000000 962.000000 965.000000 962.000000 962.000000 962.000000 959.000000 959.000000 959.000000 959.000000 957.000000 957.000000 957.000000 959.000000 962.000000 962.000000 962.000000 965.000000 968.000000 968.000000 965.000000 965.000000 968.000000 973.000000 984.000000 987.000000 993.000000 993.000000 0.000000 0.000000 1229.000000 1229.000000 1229.000000 1229.000000 1229.000000 1229.000000 1229.000000 1229.000000 1225.000000 1225.000000 1229.000000 1229.000000 1229.000000 1234.000000 1234.000000 1234.000000 1229.000000 1229.000000 1229.000000 1234.000000 1234.000000 1234.000000 1234.000000 1234.000000 1238.000000 1238.000000 1238.000000 1238.000000 1238.000000 1238.000000 1238.000000 1234.000000 1234.000000 1229.000000 1229.000000 1234.000000 1234.000000 1234.000000 1238.000000 1238.000000 1238.000000 1238.000000 1238.000000 1229.000000 1229.000000 1229.000000 1229.000000 1229.000000 1229.000000 1229.000000 1225.000000 1225.000000 1225.000000 1225.000000 1225.000000 1225.000000 1225.000000 1225.000000 
 2955.000000 2955.000000 2955.000000 2955.000000 2955.000000 2955.000000 2955.000000 2955.000000 2955.000000 2930.000000 0.000000 0.000000 0.000000 0.000000 0.000000 0.000000 0.000000 0.000000 0.000000 0.000000 0.000000 0.000000 0.000000 0.000000 0.000000 0.000000 995.000000 995.000000 993.000000 990.000000 984.000000 984.000000 981.000000 978.000000 973.000000 962.000000 959.000000 957.000000 957.000000 957.000000 962.000000 962.000000 965.000000 962.000000 962.000000 962.000000 962.000000 959.000000 959.000000 959.000000 959.000000 959.000000 959.000000 959.000000 962.000000 965.000000 965.000000 968.000000 968.000000 970.000000 970.000000 970.000000 978.000000 984.000000 990.000000 987.000000 993.000000 993.000000 993.000000 0.000000 0.000000 1225.000000 1229.000000 1229.000000 1225.000000 1225.000000 1225.000000 1225.000000 1225.000000 1225.000000 1225.000000 1229.000000 1229.000000 1229.000000 1229.000000 1234.000000 1229.000000 1229.000000 1229.000000 1229.000000 1234.000000 1234.000000 1234.000000 1234.000000 1238.000000 1238.000000 1238.000000 1238.000000 1238.000000 1238.000000 1234.000000 1234.000000 1234.000000 1229.000000 1229.000000 1234.000000 1234.000000 1234.000000 1238.000000 1238.000000 1234.000000 1234.000000 1234.000000 1229.000000 1229.000000 1229.000000 1229.000000 1229.000000 1229.000000 1229.000000 1225.000000 1225.000000 1225.000000 1225.000000 1225.000000 1225.000000 1225.000000 1225.000000 
 2955.000000 2955.000000 2955.000000 2955.000000 2955.000000 2955.000000 2955.000000 2955.000000 2955.000000 2955.000000 0.000000 0.000000 0.000000 0.000000 0.000000 0.000000 0.000000 0.000000 0.000000 0.000000 0.000000 0.000000 0.000000 0.000000 0.000000 998.000000 995.000000 995.000000 993.000000 990.000000 984.000000 981.000000 978.000000 976.000000 968.000000 959.000000 957.000000 957.000000 954.000000 957.000000 959.000000 962.000000 962.000000 962.000000 962.000000 962.000000 962.000000 962.000000 962.000000 959.000000 962.000000 962.000000 962.000000 962.000000 965.000000 968.000000 968.000000 970.000000 970.000000 973.000000 973.000000 978.000000 984.000000 987.000000 990.000000 990.000000 993.000000 993.000000 0.000000 0.000000 1221.000000 1221.000000 1225.000000 1225.000000 1225.000000 1225.000000 1225.000000 1225.000000 1225.000000 1225.000000 1225.000000 1229.000000 1229.000000 1229.000000 1229.000000 1229.000000 1229.000000 1229.000000 1229.000000 1229.000000 1229.000000 1229.000000 1234.000000 1234.000000 1238.000000 1238.000000 1238.000000 1238.000000 1238.000000 1238.000000 1234.000000 1234.000000 1234.000000 1234.000000 1229.000000 1234.000000 1234.000000 1234.000000 1234.000000 1234.000000 1234.000000 1234.000000 1234.000000 1229.000000 1229.000000 1229.000000 1225.000000 1229.000000 1229.000000 1229.000000 1225.000000 1225.000000 1225.000000 1225.000000 1225.000000 1225.000000 1225.000000 1225.000000 
 2930.000000 2955.000000 2930.000000 2955.000000 2955.000000 2955.000000 2955.000000 2955.000000 2930.000000 2930.000000 0.000000 0.000000 0.000000 0.000000 0.000000 0.000000 0.000000 0.000000 0.000000 0.000000 0.000000 0.000000 0.000000 1004.000000 1001.000000 998.000000 995.000000 993.000000 993.000000 990.000000 984.000000 981.000000 978.000000 973.000000 965.000000 959.000000 957.000000 954.000000 954.000000 954.000000 957.000000 959.000000 962.000000 962.000000 962.000000 965.000000 962.000000 962.000000 962.000000 959.000000 962.000000 962.000000 962.000000 962.000000 968.000000 968.000000 970.000000 970.000000 973.000000 973.000000 976.000000 981.000000 990.000000 990.000000 990.000000 990.000000 993.000000 993.000000 0.000000 0.000000 1221.000000 1221.000000 1225.000000 1225.000000 1221.000000 1221.000000 1225.000000 1225.000000 1221.000000 1221.000000 1225.000000 1229.000000 1229.000000 1225.000000 1229.000000 1229.000000 1229.000000 1225.000000 1225.000000 1229.000000 1229.000000 1229.000000 1229.000000 1229.000000 1234.000000 1238.000000 1238.000000 1238.000000 1238.000000 1234.000000 1234.000000 1234.000000 1234.000000 1234.000000 1229.000000 1234.000000 1234.000000 1234.000000 1234.000000 1234.000000 1234.000000 1234.000000 1234.000000 1229.000000 1229.000000 1229.000000 1225.000000 1225.000000 1229.000000 1225.000000 1225.000000 1225.000000 1225.000000 1225.000000 1225.000000 1225.000000 1225.000000 1225.000000 
 2905.000000 2980.000000 2905.000000 2930.000000 2955.000000 2955.000000 2955.000000 2930.000000 0.000000 0.000000 0.000000 0.000000 0.000000 0.000000 0.000000 0.000000 0.000000 0.000000 0.000000 0.000000 0.000000 0.000000 0.000000 998.000000 998.000000 995.000000 995.000000 993.000000 990.000000 987.000000 981.000000 981.000000 976.000000 970.000000 965.000000 957.000000 954.000000 954.000000 952.000000 954.000000 957.000000 959.000000 962.000000 962.000000 965.000000 968.000000 965.000000 965.000000 962.000000 962.000000 962.000000 962.000000 962.000000 962.000000 968.000000 970.000000 970.000000 973.000000 973.000000 976.000000 981.000000 987.000000 990.000000 990.000000 993.000000 993.000000 993.000000 0.000000 0.000000 1221.000000 1221.000000 1221.000000 1225.000000 1221.000000 1221.000000 1221.000000 1221.000000 1221.000000 1221.000000 1221.000000 1225.000000 1229.000000 1229.000000 1229.000000 1229.000000 1229.000000 1229.000000 1229.000000 1229.000000 1229.000000 1229.000000 1229.000000 1229.000000 1229.000000 1234.000000 1238.000000 1238.000000 1238.000000 1238.000000 1234.000000 1234.000000 1234.000000 1234.000000 1234.000000 1229.000000 1229.000000 1234.000000 1234.000000 1234.000000 1234.000000 1234.000000 1229.000000 1229.000000 1225.000000 1225.000000 1225.000000 1225.000000 1225.000000 1229.000000 1225.000000 1225.000000 1225.000000 1225.000000 1225.000000 1225.000000 1225.000000 1225.000000 1225.000000 
 2881.000000 2881.000000 2881.000000 2881.000000 2955.000000 2955.000000 2955.000000 2955.000000 0.000000 0.000000 0.000000 0.000000 0.000000 0.000000 0.000000 0.000000 0.000000 0.000000 0.000000 0.000000 0.000000 0.000000 1007.000000 1001.000000 998.000000 995.000000 993.000000 993.000000 990.000000 987.000000 981.000000 978.000000 976.000000 970.000000 965.000000 959.000000 957.000000 954.000000 954.000000 954.000000 957.000000 959.000000 962.000000 962.000000 965.000000 968.000000 965.000000 965.000000 965.000000 962.000000 962.000000 965.000000 965.000000 965.000000 968.000000 968.000000 970.000000 973.000000 976.000000 978.000000 987.000000 990.000000 990.000000 990.000000 993.000000 993.000000 0.000000 0.000000 0.000000 1221.000000 1221.000000 1221.000000 1225.000000 1221.000000 1221.000000 1221.000000 1221.000000 1221.000000 1221.000000 1221.000000 1221.000000 1225.000000 1225.000000 1229.000000 1229.000000 1229.000000 1229.000000 1229.000000 1225.000000 1229.000000 1229.000000 1229.000000 1229.000000 1229.000000 1234.000000 1234.000000 1234.000000 1234.000000 1234.000000 1234.000000 1234.000000 1234.000000 1234.000000 1229.000000 1229.000000 1229.000000 1234.000000 1234.000000 1234.000000 1229.000000 1229.000000 1229.000000 1229.000000 1225.000000 1225.000000 1225.000000 1225.000000 1225.000000 1229.000000 1225.000000 1225.000000 1225.000000 1225.000000 1225.000000 1225.000000 1225.000000 1225.000000 1225.000000 
 2834.000000 2810.000000 2834.000000 0.000000 0.000000 0.000000 0.000000 0.000000 0.000000 0.000000 0.000000 0.000000 0.000000 0.000000 0.000000 0.000000 0.000000 0.000000 0.000000 0.000000 0.000000 1010.000000 1010.000000 1001.000000 998.000000 995.000000 993.000000 990.000000 990.000000 987.000000 981.000000 978.000000 973.000000 970.000000 965.000000 959.000000 957.000000 954.000000 954.000000 952.000000 954.000000 954.000000 959.000000 962.000000 965.000000 968.000000 965.000000 968.000000 965.000000 965.000000 965.000000 965.000000 965.000000 965.000000 968.000000 970.000000 970.000000 976.000000 976.000000 981.000000 984.000000 990.000000 987.000000 984.000000 984.000000 978.000000 0.000000 0.000000 0.000000 1221.000000 1221.000000 1221.000000 1225.000000 1221.000000 1221.000000 1216.000000 1216.000000 1221.000000 1221.000000 1216.000000 1221.000000 1225.000000 1225.000000 1225.000000 1225.000000 1229.000000 1229.000000 1229.000000 1225.000000 1229.000000 1229.000000 1229.000000 1229.000000 1229.000000 1234.000000 1234.000000 1234.000000 1234.000000 1234.000000 1234.000000 1234.000000 1234.000000 1234.000000 1234.000000 1234.000000 1234.000000 1234.000000 1234.000000 1234.000000 1234.000000 1234.000000 1229.000000 1229.000000 1225.000000 1225.000000 1225.000000 1225.000000 1225.000000 1225.000000 1225.000000 1225.000000 1225.000000 1225.000000 1225.000000 1225.000000 1225.000000 1225.000000 1225.000000 
 2788.000000 2765.000000 2788.000000 2788.000000 0.000000 0.000000 0.000000 0.000000 0.000000 0.000000 0.000000 0.000000 0.000000 0.000000 0.000000 0.000000 0.000000 0.000000 0.000000 0.000000 0.000000 1010.000000 1007.000000 1001.000000 998.000000 995.000000 993.000000 990.000000 987.000000 984.000000 981.000000 978.000000 973.000000 970.000000 965.000000 959.000000 959.000000 954.000000 952.000000 952.000000 952.000000 952.000000 957.000000 959.000000 965.000000 968.000000 968.000000 968.000000 968.000000 968.000000 965.000000 968.000000 968.000000 968.000000 968.000000 970.000000 970.000000 976.000000 976.000000 981.000000 981.000000 984.000000 984.000000 981.000000 978.000000 978.000000 0.000000 0.000000 0.000000 1221.000000 1221.000000 1221.000000 1221.000000 1221.000000 1221.000000 1216.000000 1216.000000 1221.000000 1221.000000 1216.000000 1221.000000 1225.000000 1225.000000 1229.000000 1229.000000 1229.000000 1229.000000 1234.000000 1229.000000 1229.000000 1229.000000 1229.000000 1229.000000 1229.000000 1234.000000 1234.000000 1229.000000 1234.000000 1234.000000 1234.000000 1229.000000 1234.000000 1234.000000 1234.000000 1234.000000 1229.000000 1234.000000 1234.000000 1229.000000 1229.000000 1229.000000 1225.000000 1229.000000 1225.000000 1225.000000 1225.000000 1225.000000 1225.000000 1225.000000 1225.000000 1225.000000 1225.000000 1225.000000 1225.000000 1225.000000 1225.000000 1225.000000 1225.000000 
 2765.000000 2743.000000 2765.000000 2743.000000 0.000000 0.000000 0.000000 0.000000 0.000000 0.000000 0.000000 0.000000 0.000000 0.000000 0.000000 0.000000 0.000000 0.000000 0.000000 0.000000 1010.000000 1007.000000 1007.000000 998.000000 998.000000 995.000000 993.000000 990.000000 990.000000 987.000000 978.000000 976.000000 973.000000 968.000000 965.000000 962.000000 957.000000 954.000000 952.000000 949.000000 946.000000 946.000000 946.000000 946.000000 965.000000 968.000000 968.000000 970.000000 970.000000 970.000000 968.000000 970.000000 970.000000 970.000000 970.000000 970.000000 973.000000 976.000000 978.000000 981.000000 981.000000 981.000000 981.000000 976.000000 970.000000 0.000000 0.000000 0.000000 1225.000000 1225.000000 1221.000000 1221.000000 1225.000000 1221.000000 1221.000000 1216.000000 1216.000000 1221.000000 1221.000000 1221.000000 1221.000000 1225.000000 1225.000000 1229.000000 1229.000000 1229.000000 1229.000000 1234.000000 1229.000000 1229.000000 1229.000000 1229.000000 1229.000000 1229.000000 1234.000000 1234.000000 1229.000000 1229.000000 1234.000000 1229.000000 1229.000000 1229.000000 1234.000000 1234.000000 1234.000000 1234.000000 1234.000000 1234.000000 1234.000000 1234.000000 1229.000000 1225.000000 1225.000000 1225.000000 1225.000000 1225.000000 1225.000000 1225.000000 1225.000000 1225.000000 1225.000000 1225.000000 1225.000000 1225.000000 1225.000000 1225.000000 1225.000000 1221.000000 
 2743.000000 2722.000000 2743.000000 2722.000000 0.000000 0.000000 0.000000 0.000000 0.000000 0.000000 0.000000 0.000000 0.000000 0.000000 0.000000 0.000000 0.000000 0.000000 1016.000000 1013.000000 1010.000000 1007.000000 1004.000000 998.000000 995.000000 995.000000 993.000000 990.000000 987.000000 984.000000 978.000000 976.000000 973.000000 970.000000 968.000000 965.000000 959.000000 954.000000 952.000000 949.000000 946.000000 946.000000 944.000000 944.000000 944.000000 0.000000 968.000000 968.000000 970.000000 970.000000 968.000000 970.000000 970.000000 970.000000 970.000000 970.000000 973.000000 976.000000 981.000000 984.000000 984.000000 981.000000 981.000000 973.000000 970.000000 0.000000 0.000000 0.000000 1229.000000 1225.000000 1221.000000 1225.000000 1225.000000 1221.000000 1221.000000 1221.000000 1221.000000 1221.000000 1221.000000 1221.000000 1221.000000 1225.000000 1225.000000 1229.000000 1229.000000 1229.000000 1234.000000 1234.000000 1229.000000 1229.000000 1229.000000 1229.000000 1229.000000 1229.000000 1234.000000 1234.000000 1229.000000 1229.000000 1229.000000 1229.000000 1229.000000 1229.000000 1234.000000 1234.000000 1234.000000 1229.000000 1234.000000 1234.000000 1229.000000 1229.000000 1229.000000 1225.000000 1225.000000 1225.000000 1225.000000 1225.000000 1225.000000 1225.000000 1225.000000 1225.000000 1225.000000 1225.000000 1225.000000 1225.000000 1225.000000 1221.000000 1221.000000 1221.000000 
 